注文番号,アルゴ注文番号,繰越区分,状況,状況(逆指値),セット注文,注文日時,執行条件,注文期限,銘柄,銘柄コード・市場,取引,売買,口座,注文方法,アルゴ注文情報,逆指値条件,セット注文条件,信用区分(弁済期限),注文数量[株/口],約定数量[株/口],注文金額[円],（ポイント利用）,注文単価[円],約定単価[円],現在値[円],約定代金[円],手数料[円]
"6066","","","約定","市場執行済","-","12/10 09:16:00","本日中","2025/12/10","ＮＦ日経レバ","1570 東証(SOR)","信用返済","売埋","特定","通常注文","-","-","-","一般(1日)","1","1","-","-","44,370.0","44,370.0","43,350.0","44,370","0"
"6065","","","取消済（出来無）","市場執行済","-","12/10 09:13:39","本日中","2025/12/10","ＮＦ日経レバ","1570 東証(SOR)","信用返済","売埋","特定","通常注文","-","-","-","一般(1日)","1","0","-","-","44,460.0","-","43,350.0","0","0"
"6064","","","取消済（出来無）","-","-","12/10 09:13:13","本日中","2025/12/10","ＮＦ日経レバ","1570 東証(SOR)","信用新規","買建","特定","通常注文","-","-","-","一般(1日)","2","0","-","-","44,430.0","-","43,350.0","0","0"
"6063","","","-","取消済","-","12/10 09:13:02","-","-","ＮＦ日経レバ","1570 東証(SOR)","信用返済","売埋","特定","逆指値注文","-","市場価格が44,270円以下なら成行で執行(本日中)","-","一般(1日)","1","0","-","-","-","-","43,350.0","0","0"
"6062","","","取消済（出来無）","-","-","12/10 09:12:56","本日中","2025/12/10","ＮＦ日経レバ","1570 東証(SOR)","信用新規","買建","特定","通常注文","-","-","-","一般(1日)","2","0","-","-","44,430.0","-","43,350.0","0","0"
"6061","","","-","取消済","-","12/10 09:12:46","-","-","ＮＦ日経レバ","1570 東証(SOR)","信用返済","売埋","特定","逆指値注文","-","市場価格が44,270円以下なら成行で執行(本日中)","-","一般(1日)","1","0","-","-","-","-","43,350.0","0","0"
"6060","","","約定","-","-","12/10 09:12:44","本日中","2025/12/10","ＮＦ日経レバ","1570 東証(SOR)","信用新規","買建","特定","通常注文","-","-","-","一般(1日)","1","1","-","-","44,410.0","44,410.0","43,350.0","44,410","0"
"6059","","","約定","市場執行済","-","12/10 09:12:23","本日中","2025/12/10","ＮＦ日経レバ","1570 東証(SOR)","信用返済","売埋","特定","通常注文","-","-","-","一般(1日)","1","1","-","-","44,370.0","44,370.0","43,350.0","44,370","0"
"6058","","","約定","市場執行済","-","12/10 09:12:23","本日中","2025/12/10","ＮＦ日経レバ","1570 東証(SOR)","信用返済","売埋","特定","通常注文","-","-","-","一般(1日)","2","2","-","-","44,370.0","44,370.0","43,350.0","88,740","0"
"6057","","","約定","市場執行済","-","12/10 09:12:22","本日中","2025/12/10","ＮＦ日経レバ","1570 東証(SOR)","信用返済","売埋","特定","通常注文","-","-","-","一般(1日)","1","1","-","-","44,370.0","44,370.0","43,350.0","44,370","0"
"6056","","","約定","-","-","12/10 09:10:16","本日中","2025/12/10","ＮＦ日経レバ","1570 東証(SOR)","信用新規","買建","特定","通常注文","-","-","-","一般(1日)","1","1","-","-","44,350.0","44,350.0","43,350.0","44,350","0"
"6055","","","-","取消済","-","12/10 09:09:38","-","-","ＮＦ日経レバ","1570 東証(SOR)","信用返済","売埋","特定","逆指値注文","-","市場価格が44,210円以下なら成行で執行(本日中)","-","一般(1日)","2","0","-","-","-","-","43,350.0","0","0"
"6054","","","-","取消済","-","12/10 09:09:36","-","-","ＮＦ日経レバ","1570 東証(SOR)","信用返済","売埋","特定","逆指値注文","-","市場価格が44,170円以下なら成行で執行(本日中)","-","一般(1日)","1","0","-","-","-","-","43,350.0","0","0"
"6053","","","約定","-","-","12/10 09:09:35","本日中","2025/12/10","ＮＦ日経レバ","1570 東証(SOR)","信用新規","買建","特定","通常注文","-","-","-","一般(1日)","2","2","-","-","44,350.0","44,340.0","43,350.0","88,680","0"
"6052","","","-","取消済","-","12/10 09:09:06","-","-","ＮＦ日経レバ","1570 東証(SOR)","信用返済","売埋","特定","逆指値注文","-","市場価格が44,170円以下なら成行で執行(本日中)","-","一般(1日)","1","0","-","-","-","-","43,350.0","0","0"
"6051","","","約定","-","-","12/10 09:08:50","本日中","2025/12/10","ＮＦ日経レバ","1570 東証(SOR)","信用新規","買建","特定","通常注文","-","-","-","一般(1日)","1","1","-","-","44,330.0","44,330.0","43,350.0","44,330","0"
"6050","","","約定","市場執行済","-","12/10 09:08:38","本日中","2025/12/10","ＮＦ日経レバ","1570 東証(SOR)","信用返済","売埋","特定","通常注文","-","-","-","一般(1日)","1","1","-","-","44,310.0","44,310.0","43,350.0","44,310","0"
"6049","","","約定","-","-","12/10 09:07:52","本日中","2025/12/10","ＮＦ日経レバ","1570 東証(SOR)","信用新規","買建","特定","通常注文","-","-","-","一般(1日)","1","1","-","-","44,340.0","44,340.0","43,350.0","44,340","0"
"6048","","","約定","市場執行済","-","12/10 09:07:38","本日中","2025/12/10","ＮＦ日経レバ","1570 東証(SOR)","信用返済","売埋","特定","通常注文","-","-","-","一般(1日)","2","2","-","-","44,350.0","44,350.0","43,350.0","88,700","0"
"6047","","","約定","市場執行済","-","12/10 09:07:37","本日中","2025/12/10","ＮＦ日経レバ","1570 東証(SOR)","信用返済","売埋","特定","通常注文","-","-","-","一般(1日)","1","1","-","-","44,360.0","44,360.0","43,350.0","44,360","0"
"6046","","","約定","-","-","12/10 09:07:14","本日中","2025/12/10","ＮＦ日経レバ","1570 東証(SOR)","信用新規","買建","特定","通常注文","-","-","-","一般(1日)","2","2","-","-","44,320.0","44,320.0","43,350.0","88,640","0"
"6045","","","-","取消済","-","12/10 09:06:45","-","-","ＮＦ日経レバ","1570 東証(SOR)","信用返済","売埋","特定","逆指値注文","-","市場価格が44,170円以下なら成行で執行(本日中)","-","一般(1日)","1","0","-","-","-","-","43,350.0","0","0"
"6044","","","約定","-","-","12/10 09:06:43","本日中","2025/12/10","ＮＦ日経レバ","1570 東証(SOR)","信用新規","買建","特定","通常注文","-","-","-","一般(1日)","1","1","-","-","44,310.0","44,310.0","43,350.0","44,310","0"
"6043","","","約定","市場執行済","-","12/10 09:06:14","本日中","2025/12/10","ＮＦ日経レバ","1570 東証(SOR)","信用返済","売埋","特定","通常注文","-","-","-","一般(1日)","1","1","-","-","44,230.0","44,230.0","43,350.0","44,230","0"
"6042","","","約定","-","-","12/10 09:06:01","本日中","2025/12/10","ＮＦ日経レバ","1570 東証(SOR)","信用新規","買建","特定","通常注文","-","-","-","一般(1日)","1","1","-","-","44,210.0","44,210.0","43,350.0","44,210","0"
"6041","","","約定","市場執行済","-","12/10 09:05:28","本日中","2025/12/10","ＮＦ日経レバ","1570 東証(SOR)","信用返済","売埋","特定","通常注文","-","-","-","一般(1日)","2","2","-","-","44,220.0","44,220.0","43,350.0","88,440","0"
"6040","","","約定","市場執行済","-","12/10 09:05:27","本日中","2025/12/10","ＮＦ日経レバ","1570 東証(SOR)","信用返済","売埋","特定","通常注文","-","-","-","一般(1日)","1","1","-","-","44,220.0","44,220.0","43,350.0","44,220","0"
"6039","","","約定","-","-","12/10 09:04:32","本日中","2025/12/10","ＮＦ日経レバ","1570 東証(SOR)","信用新規","買建","特定","通常注文","-","-","-","一般(1日)","2","2","-","-","44,210.0","44,210.0","43,350.0","88,420","0"
"6038","","","-","取消済","-","12/10 09:03:21","-","-","ＮＦ日経レバ","1570 東証(SOR)","信用返済","売埋","特定","逆指値注文","-","市場価格が44,070円以下なら成行で執行(本日中)","-","一般(1日)","1","0","-","-","-","-","43,350.0","0","0"
"6037","","","約定","-","-","12/10 09:03:18","本日中","2025/12/10","ＮＦ日経レバ","1570 東証(SOR)","信用新規","買建","特定","通常注文","-","-","-","一般(1日)","1","1","-","-","44,210.0","44,190.0","43,350.0","44,190","0"
"6036","","","約定","市場執行済","-","12/10 09:03:11","本日中","2025/12/10","ＮＦ日経レバ","1570 東証(SOR)","信用返済","売埋","特定","通常注文","-","-","-","一般(1日)","1","1","-","-","44,160.0","44,170.0","43,350.0","44,170","0"
"6035","","","約定","市場執行済","-","12/10 09:03:10","本日中","2025/12/10","ＮＦ日経レバ","1570 東証(SOR)","信用返済","売埋","特定","通常注文","-","-","-","一般(1日)","2","2","-","-","44,160.0","44,170.0","43,350.0","88,340","0"
"6034","","","約定","市場執行済","-","12/10 09:03:09","本日中","2025/12/10","ＮＦ日経レバ","1570 東証(SOR)","信用返済","売埋","特定","通常注文","-","-","-","一般(1日)","1","1","-","-","44,160.0","44,160.0","43,350.0","44,160","0"
"6033","","","約定","-","-","12/10 09:02:52","本日中","2025/12/10","ＮＦ日経レバ","1570 東証(SOR)","信用新規","買建","特定","通常注文","-","-","-","一般(1日)","1","1","-","-","44,120.0","44,120.0","43,350.0","44,120","0"
"6032","","","-","取消済","-","12/10 09:02:41","-","-","ＮＦ日経レバ","1570 東証(SOR)","信用返済","売埋","特定","逆指値注文","-","市場価格が43,990円以下なら成行で執行(本日中)","-","一般(1日)","2","0","-","-","-","-","43,350.0","0","0"
"6031","","","-","取消済","-","12/10 09:02:39","-","-","ＮＦ日経レバ","1570 東証(SOR)","信用返済","売埋","特定","逆指値注文","-","市場価格が43,950円以下なら成行で執行(本日中)","-","一般(1日)","1","0","-","-","-","-","43,350.0","0","0"
"6030","","","約定","-","-","12/10 09:02:38","本日中","2025/12/10","ＮＦ日経レバ","1570 東証(SOR)","信用新規","買建","特定","通常注文","-","-","-","一般(1日)","2","2","-","-","44,130.0","44,110.0","43,350.0","88,220","0"
"6029","","","-","取消済","-","12/10 09:02:32","-","-","ＮＦ日経レバ","1570 東証(SOR)","信用返済","売埋","特定","逆指値注文","-","市場価格が43,950円以下なら成行で執行(本日中)","-","一般(1日)","1","0","-","-","-","-","43,350.0","0","0"
"6028","","","約定","-","-","12/10 09:02:28","本日中","2025/12/10","ＮＦ日経レバ","1570 東証(SOR)","信用新規","買建","特定","通常注文","-","-","-","一般(1日)","1","1","-","-","44,090.0","44,090.0","43,350.0","44,090","0"
"6027","","","約定","市場執行済","-","12/09 10:18:22","本日中","2025/12/09","ＮＦ日経レバ","1570 東証(SOR)","信用返済","売埋","特定","通常注文","-","-","-","一般(1日)","3","3","-","-","43,490.0","43,490.0","43,350.0","130,470","0"
"6026","","","約定","-","-","12/09 10:17:40","本日中","2025/12/09","ＮＦ日経レバ","1570 東証(SOR)","信用新規","買建","特定","通常注文","-","-","-","一般(1日)","3","3","-","-","43,460.0","43,460.0","43,350.0","130,380","0"
"6025","","","約定","市場執行済","-","12/09 10:17:33","本日中","2025/12/09","ＮＦ日経レバ","1570 東証(SOR)","信用返済","買埋","特定","通常注文","-","-","-","制度(6ヶ月)","1","1","-","-","43,470.0","43,470.0","43,350.0","43,470","0"
"6024","","","約定","-","-","12/09 10:16:22","本日中","2025/12/09","ＮＦ日経レバ","1570 東証(SOR)","信用新規","売建","特定","通常注文","-","-","-","制度(6ヶ月)","1","1","-","-","43,440.0","43,440.0","43,350.0","43,440","0"
"6023","","","約定","市場執行済","-","12/09 10:15:11","本日中","2025/12/09","ＮＦ日経レバ","1570 東証(SOR)","信用返済","買埋","特定","通常注文","-","-","-","制度(6ヶ月)","3","3","-","-","43,450.0","43,450.0","43,350.0","130,350","0"
"6022","","","約定","-","-","12/09 10:14:26","本日中","2025/12/09","ＮＦ日経レバ","1570 東証(SOR)","信用新規","売建","特定","通常注文","-","-","-","制度(6ヶ月)","3","3","-","-","43,460.0","43,460.0","43,350.0","130,380","0"
"6021","","","約定","市場執行済","-","12/09 10:13:35","本日中","2025/12/09","ＮＦ日経レバ","1570 東証(SOR)","信用返済","買埋","特定","通常注文","-","-","-","制度(6ヶ月)","1","1","-","-","43,450.0","43,450.0","43,350.0","43,450","0"
"6020","","","取消済（出来無）","-","-","12/09 10:12:36","本日中","2025/12/09","ＮＦ日経レバ","1570 東証(SOR)","信用新規","売建","特定","通常注文","-","-","-","制度(6ヶ月)","2","0","-","-","43,450.0","-","43,350.0","0","0"
"6019","","","-","取消済","-","12/09 10:12:29","-","-","ＮＦ日経レバ","1570 東証(SOR)","信用返済","買埋","特定","逆指値注文","-","市場価格が43,610円以上なら成行で執行(本日中)","-","制度(6ヶ月)","1","0","-","-","-","-","43,350.0","0","0"
"6018","","","約定","-","-","12/09 10:12:21","本日中","2025/12/09","ＮＦ日経レバ","1570 東証(SOR)","信用新規","売建","特定","通常注文","-","-","-","制度(6ヶ月)","1","1","-","-","43,470.0","43,470.0","43,350.0","43,470","0"
"6017","","","約定","市場執行済","-","12/09 10:04:30","本日中","2025/12/09","ＮＦ日経レバ","1570 東証(SOR)","信用返済","売埋","特定","通常注文","-","-","-","一般(1日)","2","2","-","-","43,480.0","43,480.0","43,350.0","86,960","0"
"6016","","","約定","市場執行済","-","12/09 10:04:30","本日中","2025/12/09","ＮＦ日経レバ","1570 東証(SOR)","信用返済","売埋","特定","通常注文","-","-","-","一般(1日)","1","1","-","-","43,480.0","43,480.0","43,350.0","43,480","0"
"6015","","","約定","市場執行済","-","12/09 10:04:30","本日中","2025/12/09","ＮＦ日経レバ","1570 東証(SOR)","信用返済","売埋","特定","通常注文","-","-","-","一般(1日)","1","1","-","-","43,480.0","43,480.0","43,350.0","43,480","0"
"6014","","","約定","-","-","12/09 10:03:08","本日中","2025/12/09","ＮＦ日経レバ","1570 東証(SOR)","信用新規","買建","特定","通常注文","-","-","-","一般(1日)","1","1","-","-","43,540.0","43,525.0","43,350.0","43,525","0"
"6013","","","-","取消済","-","12/09 10:02:55","-","-","ＮＦ日経レバ","1570 東証(SOR)","信用返済","売埋","特定","逆指値注文","-","市場価格が43,380円以下なら成行で執行(本日中)","-","一般(1日)","2","0","-","-","-","-","43,350.0","0","0"
"6012","","","-","取消済","-","12/09 10:02:52","-","-","ＮＦ日経レバ","1570 東証(SOR)","信用返済","売埋","特定","逆指値注文","-","市場価格が43,370円以下なら成行で執行(本日中)","-","一般(1日)","1","0","-","-","-","-","43,350.0","0","0"
"6011","","","約定","-","-","12/09 10:02:49","本日中","2025/12/09","ＮＦ日経レバ","1570 東証(SOR)","信用新規","買建","特定","通常注文","-","-","-","一般(1日)","2","2","-","-","43,530.0","43,530.0","43,350.0","87,060","0"
"6010","","","-","取消済","-","12/09 10:02:34","-","-","ＮＦ日経レバ","1570 東証(SOR)","信用返済","売埋","特定","逆指値注文","-","市場価格が43,370円以下なら成行で執行(本日中)","-","一般(1日)","1","0","-","-","-","-","43,350.0","0","0"
"6009","","","約定","-","-","12/09 10:02:33","本日中","2025/12/09","ＮＦ日経レバ","1570 東証(SOR)","信用新規","買建","特定","通常注文","-","-","-","一般(1日)","1","1","-","-","43,510.0","43,510.0","43,350.0","43,510","0"
"6008","","","約定","市場執行済","-","12/09 09:59:02","本日中","2025/12/09","ＮＦ日経レバ","1570 東証(SOR)","信用返済","買埋","特定","通常注文","-","-","-","制度(6ヶ月)","1","1","-","-","43,520.0","43,520.0","43,350.0","43,520","0"
"6007","","","約定","-","-","12/09 09:58:38","本日中","2025/12/09","ＮＦ日経レバ","1570 東証(SOR)","信用新規","売建","特定","通常注文","-","-","-","制度(6ヶ月)","1","1","-","-","43,490.0","43,490.0","43,350.0","43,490","0"
"6006","","","約定","市場執行済","-","12/09 09:57:59","本日中","2025/12/09","ＮＦ日経レバ","1570 東証(SOR)","信用返済","売埋","特定","通常注文","-","-","-","一般(1日)","1","1","-","-","43,460.0","43,460.0","43,350.0","43,460","0"
"6005","","","約定","-","-","12/09 09:57:28","本日中","2025/12/09","ＮＦ日経レバ","1570 東証(SOR)","信用新規","買建","特定","通常注文","-","-","-","一般(1日)","1","1","-","-","43,450.0","43,450.0","43,350.0","43,450","0"
"6004","","","約定","市場執行済","-","12/09 09:57:09","本日中","2025/12/09","ＮＦ日経レバ","1570 東証(SOR)","信用返済","買埋","特定","通常注文","-","-","-","制度(6ヶ月)","1","1","-","-","43,460.0","43,460.0","43,350.0","43,460","0"
"6003","","","約定","-","-","12/09 09:56:48","本日中","2025/12/09","ＮＦ日経レバ","1570 東証(SOR)","信用新規","売建","特定","通常注文","-","-","-","制度(6ヶ月)","1","1","-","-","43,490.0","43,490.0","43,350.0","43,490","0"
"6002","","","取消済（出来無）","-","-","12/09 09:54:53","本日中","2025/12/09","ＮＦ日経レバ","1570 東証(SOR)","信用新規","買建","特定","通常注文","-","-","-","一般(1日)","1","0","-","-","43,460.0","-","43,350.0","0","0"
"6001","","","取消済（出来無）","-","-","12/09 09:54:11","本日中","2025/12/09","ＮＦ日経レバ","1570 東証(SOR)","信用新規","買建","特定","通常注文","-","-","-","一般(1日)","1","0","-","-","43,430.0","-","43,350.0","0","0"
"6000","","","約定","市場執行済","-","12/09 09:53:18","本日中","2025/12/09","ＮＦ日経レバ","1570 東証(SOR)","信用返済","買埋","特定","通常注文","-","-","-","制度(6ヶ月)","1","1","-","-","43,440.0","43,440.0","43,350.0","43,440","0"
"5999","","","約定","-","-","12/09 09:53:07","本日中","2025/12/09","ＮＦ日経レバ","1570 東証(SOR)","信用新規","売建","特定","通常注文","-","-","-","制度(6ヶ月)","1","1","-","-","43,410.0","43,410.0","43,350.0","43,410","0"
"5998","","","約定","市場執行済","-","12/09 09:52:50","本日中","2025/12/09","ＮＦ日経レバ","1570 東証(SOR)","信用返済","買埋","特定","通常注文","-","-","-","制度(6ヶ月)","1","1","-","-","43,390.0","43,390.0","43,350.0","43,390","0"
"5997","","","約定","-","-","12/09 09:52:31","本日中","2025/12/09","ＮＦ日経レバ","1570 東証(SOR)","信用新規","売建","特定","通常注文","-","-","-","制度(6ヶ月)","1","1","-","-","43,410.0","43,410.0","43,350.0","43,410","0"
"5996","","","約定","市場執行済","-","12/09 09:52:24","本日中","2025/12/09","ＮＦ日経レバ","1570 東証(SOR)","信用返済","売埋","特定","通常注文","-","-","-","一般(1日)","1","1","-","-","43,400.0","43,400.0","43,350.0","43,400","0"
"5995","","","約定","-","-","12/09 09:51:52","本日中","2025/12/09","ＮＦ日経レバ","1570 東証(SOR)","信用新規","買建","特定","通常注文","-","-","-","一般(1日)","1","1","-","-","43,390.0","43,390.0","43,350.0","43,390","0"
"5994","","","約定","市場執行済","-","12/09 09:50:39","本日中","2025/12/09","ＮＦ日経レバ","1570 東証(SOR)","信用返済","買埋","特定","通常注文","-","-","-","制度(6ヶ月)","1","1","-","-","43,390.0","43,390.0","43,350.0","43,390","0"
"5993","","","-","取消済","-","12/09 09:47:24","-","-","ＮＦ日経レバ","1570 東証(SOR)","信用返済","買埋","特定","逆指値注文","-","市場価格が43,480円以上なら成行で執行(本日中)","-","制度(6ヶ月)","1","0","-","-","-","-","43,350.0","0","0"
"5992","","","-","取消済","-","12/09 09:46:28","-","-","ＮＦ日経レバ","1570 東証(SOR)","信用返済","買埋","特定","逆指値注文","-","市場価格が43,480円以上なら成行で執行(本日中)","-","制度(6ヶ月)","1","0","-","-","-","-","43,350.0","0","0"
"5991","","","取消済（出来無）","市場執行済","-","12/09 09:41:25","本日中","2025/12/09","ＮＦ日経レバ","1570 東証(SOR)","信用返済","買埋","特定","通常注文","-","-","-","制度(6ヶ月)","1","0","-","-","43,310.0","-","43,350.0","0","0"
"5990","","","約定","-","-","12/09 09:37:33","本日中","2025/12/09","ＮＦ日経レバ","1570 東証(SOR)","信用新規","売建","特定","通常注文","-","-","-","制度(6ヶ月)","1","1","-","-","43,340.0","43,340.0","43,350.0","43,340","0"
"5989","","","約定","市場執行済","-","12/09 09:36:37","本日中","2025/12/09","ＮＦ日経レバ","1570 東証(SOR)","信用返済","買埋","特定","通常注文","-","-","-","制度(6ヶ月)","1","1","-","-","43,350.0","43,350.0","43,350.0","43,350","0"
"5988","","","約定","市場執行済","-","12/09 09:36:36","本日中","2025/12/09","ＮＦ日経レバ","1570 東証(SOR)","信用返済","買埋","特定","通常注文","-","-","-","制度(6ヶ月)","2","2","-","-","43,350.0","43,350.0","43,350.0","86,700","0"
"5987","","","約定","市場執行済","-","12/09 09:36:36","本日中","2025/12/09","ＮＦ日経レバ","1570 東証(SOR)","信用返済","買埋","特定","通常注文","-","-","-","制度(6ヶ月)","1","1","-","-","43,350.0","43,350.0","43,350.0","43,350","0"
"5986","","","約定","-","-","12/09 09:36:25","本日中","2025/12/09","ＮＦ日経レバ","1570 東証(SOR)","信用新規","売建","特定","通常注文","-","-","-","制度(6ヶ月)","1","1","-","-","43,350.0","43,360.0","43,350.0","43,360","0"
"5985","","","-","取消済","-","12/09 09:35:04","-","-","ＮＦ日経レバ","1570 東証(SOR)","信用返済","買埋","特定","逆指値注文","-","市場価格が43,510円以上なら成行で執行(本日中)","-","制度(6ヶ月)","2","0","-","-","-","-","43,350.0","0","0"
"5984","","","-","取消済","-","12/09 09:35:02","-","-","ＮＦ日経レバ","1570 東証(SOR)","信用返済","買埋","特定","逆指値注文","-","市場価格が43,520円以上なら成行で執行(本日中)","-","制度(6ヶ月)","1","0","-","-","-","-","43,350.0","0","0"
"5983","","","約定","-","-","12/09 09:35:01","本日中","2025/12/09","ＮＦ日経レバ","1570 東証(SOR)","信用新規","売建","特定","通常注文","-","-","-","制度(6ヶ月)","2","2","-","-","43,370.0","43,370.0","43,350.0","86,740","0"
"5982","","","-","取消済","-","12/09 09:34:35","-","-","ＮＦ日経レバ","1570 東証(SOR)","信用返済","買埋","特定","逆指値注文","-","市場価格が43,520円以上なら成行で執行(本日中)","-","制度(6ヶ月)","1","0","-","-","-","-","43,350.0","0","0"
"5981","","","約定","-","-","12/09 09:34:33","本日中","2025/12/09","ＮＦ日経レバ","1570 東証(SOR)","信用新規","売建","特定","通常注文","-","-","-","制度(6ヶ月)","1","1","-","-","43,380.0","43,380.0","43,350.0","43,380","0"
"5980","","","約定","市場執行済","-","12/09 09:34:16","本日中","2025/12/09","ＮＦ日経レバ","1570 東証(SOR)","信用返済","買埋","特定","通常注文","-","-","-","制度(6ヶ月)","1","1","-","-","43,370.0","43,370.0","43,350.0","43,370","0"
"5979","","","約定","-","-","12/09 09:32:28","本日中","2025/12/09","ＮＦ日経レバ","1570 東証(SOR)","信用新規","売建","特定","通常注文","-","-","-","制度(6ヶ月)","1","1","-","-","43,320.0","43,320.0","43,350.0","43,320","0"
"5978","","","約定","市場執行済","-","12/09 09:31:06","本日中","2025/12/09","ＮＦ日経レバ","1570 東証(SOR)","信用返済","売埋","特定","通常注文","-","-","-","一般(1日)","1","1","-","-","43,310.0","43,310.0","43,350.0","43,310","0"
"5977","","","約定","市場執行済","-","12/09 09:31:06","本日中","2025/12/09","ＮＦ日経レバ","1570 東証(SOR)","信用返済","売埋","特定","通常注文","-","-","-","一般(1日)","2","2","-","-","43,310.0","43,310.0","43,350.0","86,620","0"
"5976","","","取消済（出来無）","市場執行済","-","12/09 09:29:16","本日中","2025/12/09","ＮＦ日経レバ","1570 東証(SOR)","信用返済","売埋","特定","通常注文","-","-","-","一般(1日)","2","0","-","-","43,450.0","-","43,350.0","0","0"
"5975","","","取消済（出来無）","市場執行済","-","12/09 09:29:16","本日中","2025/12/09","ＮＦ日経レバ","1570 東証(SOR)","信用返済","売埋","特定","通常注文","-","-","-","一般(1日)","1","0","-","-","43,450.0","-","43,350.0","0","0"
"5974","","","約定","-","-","12/09 09:29:04","本日中","2025/12/09","ＮＦ日経レバ","1570 東証(SOR)","信用新規","買建","特定","通常注文","-","-","-","一般(1日)","2","2","-","-","43,430.0","43,430.0","43,350.0","86,860","0"
"5973","","","-","取消済","-","12/09 09:28:59","-","-","ＮＦ日経レバ","1570 東証(SOR)","信用返済","売埋","特定","逆指値注文","-","市場価格が43,280円以下なら成行で執行(本日中)","-","一般(1日)","1","0","-","-","-","-","43,350.0","0","0"
"5972","","","約定","-","-","12/09 09:28:56","本日中","2025/12/09","ＮＦ日経レバ","1570 東証(SOR)","信用新規","買建","特定","通常注文","-","-","-","一般(1日)","1","1","-","-","43,420.0","43,420.0","43,350.0","43,420","0"
"5971","","","約定","市場執行済","-","12/09 09:28:36","本日中","2025/12/09","ＮＦ日経レバ","1570 東証(SOR)","信用返済","買埋","特定","通常注文","-","-","-","制度(6ヶ月)","1","1","-","-","43,430.0","43,430.0","43,350.0","43,430","0"
"5970","","","約定","-","-","12/09 09:27:02","本日中","2025/12/09","ＮＦ日経レバ","1570 東証(SOR)","信用新規","売建","特定","通常注文","-","-","-","制度(6ヶ月)","1","1","-","-","43,410.0","43,410.0","43,350.0","43,410","0"
"5969","","","約定","市場執行済","-","12/09 09:23:17","本日中","2025/12/09","ＮＦ日経レバ","1570 東証(SOR)","信用返済","買埋","特定","通常注文","-","-","-","制度(6ヶ月)","2","2","-","-","43,430.0","43,430.0","43,350.0","86,860","0"
"5968","","","約定","市場執行済","-","12/09 09:23:16","本日中","2025/12/09","ＮＦ日経レバ","1570 東証(SOR)","信用返済","買埋","特定","通常注文","-","-","-","制度(6ヶ月)","1","1","-","-","43,430.0","43,430.0","43,350.0","43,430","0"
"5967","","","約定","市場執行済","-","12/09 09:23:14","本日中","2025/12/09","ＮＦ日経レバ","1570 東証(SOR)","信用返済","買埋","特定","通常注文","-","-","-","制度(6ヶ月)","1","1","-","-","43,440.0","43,440.0","43,350.0","43,440","0"
"5966","","","約定","-","-","12/09 09:22:31","本日中","2025/12/09","ＮＦ日経レバ","1570 東証(SOR)","信用新規","売建","特定","通常注文","-","-","-","制度(6ヶ月)","1","1","-","-","43,450.0","43,450.0","43,350.0","43,450","0"
"5965","","","-","取消済","-","12/09 09:22:03","-","-","ＮＦ日経レバ","1570 東証(SOR)","信用返済","買埋","特定","逆指値注文","-","市場価格が43,600円以上なら成行で執行(本日中)","-","制度(6ヶ月)","2","0","-","-","-","-","43,350.0","0","0"
"5964","","","-","取消済","-","12/09 09:22:02","-","-","ＮＦ日経レバ","1570 東証(SOR)","信用返済","買埋","特定","逆指値注文","-","市場価格が43,510円以上なら成行で執行(本日中)","-","制度(6ヶ月)","1","0","-","-","-","-","43,350.0","0","0"
"5963","","","約定","-","-","12/09 09:21:59","本日中","2025/12/09","ＮＦ日経レバ","1570 東証(SOR)","信用新規","売建","特定","通常注文","-","-","-","制度(6ヶ月)","2","2","-","-","43,460.0","43,460.0","43,350.0","86,920","0"
"5962","","","約定","市場執行済","-","12/09 09:21:32","本日中","2025/12/09","ＮＦ日経レバ","1570 東証(SOR)","信用返済","買埋","特定","通常注文","-","-","-","制度(6ヶ月)","2","2","-","-","43,470.0","43,470.0","43,350.0","86,940","0"
"5961","","","-","取消済","-","12/09 09:21:05","-","-","ＮＦ日経レバ","1570 東証(SOR)","信用返済","買埋","特定","逆指値注文","-","市場価格が43,510円以上なら成行で執行(本日中)","-","制度(6ヶ月)","1","0","-","-","-","-","43,350.0","0","0"
"5960","","","-","取消済","-","12/09 09:20:40","-","-","ＮＦ日経レバ","1570 東証(SOR)","信用返済","買埋","特定","逆指値注文","-","市場価格が43,610円以上なら成行で執行(本日中)","-","制度(6ヶ月)","1","0","-","-","-","-","43,350.0","0","0"
"5959","","","-","取消済","-","12/09 09:20:38","-","-","ＮＦ日経レバ","1570 東証(SOR)","信用返済","買埋","特定","逆指値注文","-","市場価格が43,590円以上なら成行で執行(本日中)","-","制度(6ヶ月)","2","0","-","-","-","-","43,350.0","0","0"
"5958","","","-","取消済","-","12/09 09:20:23","-","-","ＮＦ日経レバ","1570 東証(SOR)","信用返済","買埋","特定","逆指値注文","-","市場価格が43,610円以上なら成行で執行(本日中)","-","制度(6ヶ月)","1","0","-","-","-","-","43,350.0","0","0"
"5957","","","-","取消済","-","12/09 09:20:22","-","-","ＮＦ日経レバ","1570 東証(SOR)","信用返済","買埋","特定","逆指値注文","-","市場価格が43,590円以上なら成行で執行(本日中)","-","制度(6ヶ月)","2","0","-","-","-","-","43,350.0","0","0"
"5956","","","取消済（出来無）","-","-","12/09 09:20:11","本日中","2025/12/09","ＮＦ日経レバ","1570 東証(SOR)","信用新規","売建","特定","通常注文","-","-","-","制度(6ヶ月)","1","0","-","-","43,440.0","-","43,350.0","0","0"
"5955","","","-","取消済","-","12/09 09:20:01","-","-","ＮＦ日経レバ","1570 東証(SOR)","信用返済","買埋","特定","逆指値注文","-","市場価格が43,590円以上なら成行で執行(本日中)","-","制度(6ヶ月)","2","0","-","-","-","-","43,350.0","0","0"
"5954","","","-","取消済","-","12/09 09:19:59","-","-","ＮＦ日経レバ","1570 東証(SOR)","信用返済","買埋","特定","逆指値注文","-","市場価格が43,610円以上なら成行で執行(本日中)","-","制度(6ヶ月)","1","0","-","-","-","-","43,350.0","0","0"
"5953","","","約定","-","-","12/09 09:19:58","本日中","2025/12/09","ＮＦ日経レバ","1570 東証(SOR)","信用新規","売建","特定","通常注文","-","-","-","制度(6ヶ月)","2","2","-","-","43,450.0","43,450.0","43,350.0","86,900","0"
"5952","","","-","取消済","-","12/09 09:19:46","-","-","ＮＦ日経レバ","1570 東証(SOR)","信用返済","買埋","特定","逆指値注文","-","市場価格が43,610円以上なら成行で執行(本日中)","-","制度(6ヶ月)","1","0","-","-","-","-","43,350.0","0","0"
"5951","","","約定","-","-","12/09 09:19:44","本日中","2025/12/09","ＮＦ日経レバ","1570 東証(SOR)","信用新規","売建","特定","通常注文","-","-","-","制度(6ヶ月)","1","1","-","-","43,470.0","43,470.0","43,350.0","43,470","0"
"5950","","","約定","市場執行済","-","12/09 09:19:33","本日中","2025/12/09","ＮＦ日経レバ","1570 東証(SOR)","信用返済","売埋","特定","通常注文","-","-","-","一般(1日)","1","1","-","-","43,470.0","43,470.0","43,350.0","43,470","0"
"5949","","","約定","-","-","12/09 09:16:55","本日中","2025/12/09","ＮＦ日経レバ","1570 東証(SOR)","信用新規","買建","特定","通常注文","-","-","-","一般(1日)","1","1","-","-","43,580.0","43,580.0","43,350.0","43,580","0"
"5948","","","取消済（出来無）","-","-","12/09 09:16:34","本日中","2025/12/09","ＮＦ日経レバ","1570 東証(SOR)","信用新規","買建","特定","通常注文","-","-","-","一般(1日)","1","0","-","-","43,560.0","-","43,350.0","0","0"
"5947","","","約定","市場執行済","-","12/09 09:16:23","本日中","2025/12/09","ＮＦ日経レバ","1570 東証(SOR)","信用返済","売埋","特定","通常注文","-","-","-","一般(1日)","1","1","-","-","43,600.0","43,600.0","43,350.0","43,600","0"
"5946","","","約定","-","-","12/09 09:16:01","本日中","2025/12/09","ＮＦ日経レバ","1570 東証(SOR)","信用新規","買建","特定","通常注文","-","-","-","一般(1日)","1","1","-","-","43,610.0","43,585.0","43,350.0","43,585","0"
"5945","","","約定","市場執行済","-","12/09 09:15:39","本日中","2025/12/09","ＮＦ日経レバ","1570 東証(SOR)","信用返済","売埋","特定","通常注文","-","-","-","一般(1日)","1","1","-","-","43,560.0","43,560.0","43,350.0","43,560","0"
"5944","","","約定","-","-","12/09 09:15:27","本日中","2025/12/09","ＮＦ日経レバ","1570 東証(SOR)","信用新規","買建","特定","通常注文","-","-","-","一般(1日)","1","1","-","-","43,530.0","43,530.0","43,350.0","43,530","0"
"5943","","","約定","市場執行済","-","12/09 09:14:59","本日中","2025/12/09","ＮＦ日経レバ","1570 東証(SOR)","信用返済","売埋","特定","通常注文","-","-","-","一般(1日)","1","1","-","-","43,540.0","43,540.0","43,350.0","43,540","0"
"5942","","","約定","-","-","12/09 09:14:22","本日中","2025/12/09","ＮＦ日経レバ","1570 東証(SOR)","信用新規","買建","特定","通常注文","-","-","-","一般(1日)","1","1","-","-","43,680.0","43,675.0","43,350.0","43,675","0"
"5941","","","約定","市場執行済","-","12/09 09:14:03","本日中","2025/12/09","ＮＦ日経レバ","1570 東証(SOR)","信用返済","買埋","特定","通常注文","-","-","-","制度(6ヶ月)","1","1","-","-","43,720.0","43,720.0","43,350.0","43,720","0"
"5940","","","約定","-","-","12/09 09:13:37","本日中","2025/12/09","ＮＦ日経レバ","1570 東証(SOR)","信用新規","売建","特定","通常注文","-","-","-","制度(6ヶ月)","1","1","-","-","43,680.0","43,680.0","43,350.0","43,680","0"
"5939","","","約定","市場執行済","-","12/09 09:13:07","本日中","2025/12/09","ＮＦ日経レバ","1570 東証(SOR)","信用返済","売埋","特定","通常注文","-","-","-","一般(1日)","1","1","-","-","43,660.0","43,660.0","43,350.0","43,660","0"
"5938","","","約定","-","-","12/09 09:12:31","本日中","2025/12/09","ＮＦ日経レバ","1570 東証(SOR)","信用新規","買建","特定","通常注文","-","-","-","一般(1日)","1","1","-","-","43,730.0","43,700.0","43,350.0","43,700","0"
"5937","","","約定","市場執行済","-","12/09 09:11:44","本日中","2025/12/09","ＮＦ日経レバ","1570 東証(SOR)","信用返済","売埋","特定","通常注文","-","-","-","一般(1日)","2","2","-","-","成行","43,755.0","43,350.0","87,510","0"
"5936","","","約定","市場執行済","-","12/09 09:11:52","本日中","2025/12/09","ＮＦ日経レバ","1570 東証(SOR)","信用返済","売埋","特定","通常注文","-","-","-","一般(1日)","1","1","-","-","成行","43,720.0","43,350.0","43,720","0"
"5935","","","約定","-","-","12/09 09:08:24","本日中","2025/12/09","ＮＦ日経レバ","1570 東証(SOR)","信用新規","買建","特定","通常注文","-","-","-","一般(1日)","2","2","-","-","43,890.0","43,890.0","43,350.0","87,780","0"
"5934","","","-","取消済","-","12/09 09:08:14","-","-","ＮＦ日経レバ","1570 東証(SOR)","信用返済","売埋","特定","逆指値注文","-","市場価格が43,700円以下なら成行で執行(本日中)","-","一般(1日)","1","0","-","-","-","-","43,350.0","0","0"
"5933","","","約定","-","-","12/09 09:08:07","本日中","2025/12/09","ＮＦ日経レバ","1570 東証(SOR)","信用新規","買建","特定","通常注文","-","-","-","一般(1日)","1","1","-","-","43,870.0","43,870.0","43,350.0","43,870","0"
"5932","","","約定","市場執行済","-","12/09 09:07:41","本日中","2025/12/09","ＮＦ日経レバ","1570 東証(SOR)","信用返済","売埋","特定","通常注文","-","-","-","一般(1日)","1","1","-","-","43,840.0","43,840.0","43,350.0","43,840","0"
"5931","","","約定","市場執行済","-","12/09 09:07:39","本日中","2025/12/09","ＮＦ日経レバ","1570 東証(SOR)","信用返済","売埋","特定","通常注文","-","-","-","一般(1日)","1","1","-","-","43,840.0","43,840.0","43,350.0","43,840","0"
"5930","","","約定","市場執行済","-","12/09 09:07:38","本日中","2025/12/09","ＮＦ日経レバ","1570 東証(SOR)","信用返済","売埋","特定","通常注文","-","-","-","一般(1日)","2","2","-","-","43,840.0","43,840.0","43,350.0","87,680","0"
"5929","","","約定","-","-","12/09 09:05:26","本日中","2025/12/09","ＮＦ日経レバ","1570 東証(SOR)","信用新規","買建","特定","通常注文","-","-","-","一般(1日)","1","1","-","-","43,830.0","43,795.0","43,350.0","43,795","0"
"5928","","","-","取消済","-","12/09 09:05:15","-","-","ＮＦ日経レバ","1570 東証(SOR)","信用返済","売埋","特定","逆指値注文","-","市場価格が43,670円以下なら成行で執行(本日中)","-","一般(1日)","2","0","-","-","-","-","43,350.0","0","0"
"5927","","","-","取消済","-","12/09 09:05:13","-","-","ＮＦ日経レバ","1570 東証(SOR)","信用返済","売埋","特定","逆指値注文","-","市場価格が43,670円以下なら成行で執行(本日中)","-","一般(1日)","1","0","-","-","-","-","43,350.0","0","0"
"5926","","","約定","-","-","12/09 09:05:13","本日中","2025/12/09","ＮＦ日経レバ","1570 東証(SOR)","信用新規","買建","特定","通常注文","-","-","-","一般(1日)","2","2","-","-","43,810.0","43,810.0","43,350.0","87,620","0"
"5925","","","-","取消済","-","12/09 09:05:04","-","-","ＮＦ日経レバ","1570 東証(SOR)","信用返済","売埋","特定","逆指値注文","-","市場価格が43,670円以下なら成行で執行(本日中)","-","一般(1日)","1","0","-","-","-","-","43,350.0","0","0"
"5924","","","約定","-","-","12/09 09:05:02","本日中","2025/12/09","ＮＦ日経レバ","1570 東証(SOR)","信用新規","買建","特定","通常注文","-","-","-","一般(1日)","1","1","-","-","43,810.0","43,785.0","43,350.0","43,785","0"
"5923","","","約定","市場執行済","-","12/08 09:20:12","本日中","2025/12/08","ＮＦ日経レバ","1570 東証(SOR)","信用返済","売埋","特定","通常注文","-","-","-","一般(1日)","2","2","-","-","43,240.0","43,260.0","43,350.0","86,520","0"
"5922","","","約定","市場執行済","-","12/08 09:20:11","本日中","2025/12/08","ＮＦ日経レバ","1570 東証(SOR)","信用返済","売埋","特定","通常注文","-","-","-","一般(1日)","1","1","-","-","43,240.0","43,260.0","43,350.0","43,260","0"
"5921","","","約定","-","-","12/08 09:20:04","本日中","2025/12/08","ＮＦ日経レバ","1570 東証(SOR)","信用新規","買建","特定","通常注文","-","-","-","一般(1日)","2","2","-","-","43,220.0","43,220.0","43,350.0","86,440","0"
"5920","","","取消済（出来無）","市場執行済","-","12/08 09:19:20","本日中","2025/12/08","ＮＦ日経レバ","1570 東証(SOR)","信用返済","売埋","特定","通常注文","-","-","-","一般(1日)","1","0","-","-","43,230.0","-","43,350.0","0","0"
"5919","","","約定","-","-","12/08 09:18:46","本日中","2025/12/08","ＮＦ日経レバ","1570 東証(SOR)","信用新規","買建","特定","通常注文","-","-","-","一般(1日)","1","1","-","-","43,210.0","43,210.0","43,350.0","43,210","0"
"5918","","","約定","市場執行済","-","12/08 09:18:34","本日中","2025/12/08","ＮＦ日経レバ","1570 東証(SOR)","信用返済","売埋","特定","通常注文","-","-","-","一般(1日)","1","1","-","-","43,180.0","43,180.0","43,350.0","43,180","0"
"5917","","","約定","-","-","12/08 09:18:24","本日中","2025/12/08","ＮＦ日経レバ","1570 東証(SOR)","信用新規","買建","特定","通常注文","-","-","-","一般(1日)","1","1","-","-","43,160.0","43,160.0","43,350.0","43,160","0"
"5916","","","約定","市場執行済","-","12/08 09:17:19","本日中","2025/12/08","ＮＦ日経レバ","1570 東証(SOR)","信用返済","売埋","特定","通常注文","-","-","-","一般(1日)","1","1","-","-","43,140.0","43,140.0","43,350.0","43,140","0"
"5915","","","約定","-","-","12/08 09:16:28","本日中","2025/12/08","ＮＦ日経レバ","1570 東証(SOR)","信用新規","買建","特定","通常注文","-","-","-","一般(1日)","1","1","-","-","43,120.0","43,120.0","43,350.0","43,120","0"
"5914","","","約定","市場執行済","-","12/08 09:15:22","本日中","2025/12/08","ＮＦ日経レバ","1570 東証(SOR)","信用返済","売埋","特定","通常注文","-","-","-","一般(1日)","2","2","-","-","43,180.0","43,180.0","43,350.0","86,360","0"
"5913","","","約定","市場執行済","-","12/08 09:15:20","本日中","2025/12/08","ＮＦ日経レバ","1570 東証(SOR)","信用返済","売埋","特定","通常注文","-","-","-","一般(1日)","1","1","-","-","43,180.0","43,180.0","43,350.0","43,180","0"
"5912","","","約定","-","-","12/08 09:15:10","本日中","2025/12/08","ＮＦ日経レバ","1570 東証(SOR)","信用新規","買建","特定","通常注文","-","-","-","一般(1日)","2","2","-","-","43,180.0","43,180.0","43,350.0","86,360","0"
"5911","","","-","取消済","-","12/08 09:14:47","-","-","ＮＦ日経レバ","1570 東証(SOR)","信用返済","売埋","特定","逆指値注文","-","市場価格が43,000円以下なら成行で執行(本日中)","-","一般(1日)","1","0","-","-","-","-","43,350.0","0","0"
"5910","","","約定","-","-","12/08 09:14:45","本日中","2025/12/08","ＮＦ日経レバ","1570 東証(SOR)","信用新規","買建","特定","通常注文","-","-","-","一般(1日)","1","1","-","-","43,140.0","43,140.0","43,350.0","43,140","0"
"5909","","","約定","市場執行済","-","12/08 09:14:04","本日中","2025/12/08","ＮＦ日経レバ","1570 東証(SOR)","信用返済","売埋","特定","通常注文","-","-","-","一般(1日)","1","1","-","-","43,130.0","43,130.0","43,350.0","43,130","0"
"5908","","","約定","-","-","12/08 09:13:51","本日中","2025/12/08","ＮＦ日経レバ","1570 東証(SOR)","信用新規","買建","特定","通常注文","-","-","-","一般(1日)","1","1","-","-","43,110.0","43,105.0","43,350.0","43,105","0"
"5907","","","約定","市場執行済","-","12/08 09:13:18","本日中","2025/12/08","ＮＦ日経レバ","1570 東証(SOR)","信用返済","買埋","特定","通常注文","-","-","-","制度(6ヶ月)","1","1","-","-","43,100.0","43,100.0","43,350.0","43,100","0"
"5906","","","約定","-","-","12/08 09:13:11","本日中","2025/12/08","ＮＦ日経レバ","1570 東証(SOR)","信用新規","売建","特定","通常注文","-","-","-","制度(6ヶ月)","1","1","-","-","43,090.0","43,090.0","43,350.0","43,090","0"
"5905","","","約定","市場執行済","-","12/08 09:13:02","本日中","2025/12/08","ＮＦ日経レバ","1570 東証(SOR)","信用返済","売埋","特定","通常注文","-","-","-","一般(1日)","1","1","-","-","43,070.0","43,070.0","43,350.0","43,070","0"
"5904","","","約定","-","-","12/08 09:12:51","本日中","2025/12/08","ＮＦ日経レバ","1570 東証(SOR)","信用新規","買建","特定","通常注文","-","-","-","一般(1日)","1","1","-","-","43,040.0","43,040.0","43,350.0","43,040","0"
"5903","","","取消済（出来無）","-","-","12/08 09:12:46","本日中","2025/12/08","ＮＦ日経レバ","1570 東証(SOR)","信用新規","売建","特定","通常注文","-","-","-","制度(6ヶ月)","1","0","-","-","43,080.0","-","43,350.0","0","0"
"5902","","","約定","市場執行済","-","12/08 09:12:27","本日中","2025/12/08","ＮＦ日経レバ","1570 東証(SOR)","信用返済","買埋","特定","通常注文","-","-","-","制度(6ヶ月)","1","1","-","-","43,170.0","43,090.0","43,350.0","43,090","0"
"5901","","","約定","-","-","12/08 09:12:12","本日中","2025/12/08","ＮＦ日経レバ","1570 東証(SOR)","信用新規","売建","特定","通常注文","-","-","-","制度(6ヶ月)","1","1","-","-","43,080.0","43,080.0","43,350.0","43,080","0"
"5900","","","約定","市場執行済","-","12/08 09:12:02","本日中","2025/12/08","ＮＦ日経レバ","1570 東証(SOR)","信用返済","売埋","特定","通常注文","-","-","-","一般(1日)","1","1","-","-","43,050.0","43,050.0","43,350.0","43,050","0"
"5899","","","約定","-","-","12/08 09:11:56","本日中","2025/12/08","ＮＦ日経レバ","1570 東証(SOR)","信用新規","買建","特定","通常注文","-","-","-","一般(1日)","1","1","-","-","43,030.0","43,020.0","43,350.0","43,020","0"
"5898","","","約定","市場執行済","-","12/08 09:11:28","本日中","2025/12/08","ＮＦ日経レバ","1570 東証(SOR)","信用返済","買埋","特定","通常注文","-","-","-","制度(6ヶ月)","1","1","-","-","43,060.0","43,060.0","43,350.0","43,060","0"
"5897","","","約定","-","-","12/08 09:11:14","本日中","2025/12/08","ＮＦ日経レバ","1570 東証(SOR)","信用新規","売建","特定","通常注文","-","-","-","制度(6ヶ月)","1","1","-","-","43,090.0","43,090.0","43,350.0","43,090","0"
"5896","","","約定","市場執行済","-","12/08 09:11:00","本日中","2025/12/08","ＮＦ日経レバ","1570 東証(SOR)","信用返済","売埋","特定","通常注文","-","-","-","一般(1日)","1","1","-","-","43,060.0","43,060.0","43,350.0","43,060","0"
"5895","","","約定","-","-","12/08 09:10:49","本日中","2025/12/08","ＮＦ日経レバ","1570 東証(SOR)","信用新規","買建","特定","通常注文","-","-","-","一般(1日)","1","1","-","-","43,030.0","43,030.0","43,350.0","43,030","0"
"5894","","","約定","市場執行済","-","12/08 09:10:17","本日中","2025/12/08","ＮＦ日経レバ","1570 東証(SOR)","信用返済","売埋","特定","通常注文","-","-","-","一般(1日)","1","1","-","-","成行","43,015.0","43,350.0","43,015","0"
"5893","","","約定","-","-","12/08 09:09:47","本日中","2025/12/08","ＮＦ日経レバ","1570 東証(SOR)","信用新規","買建","特定","通常注文","-","-","-","一般(1日)","1","1","-","-","43,160.0","43,130.0","43,350.0","43,130","0"
"5892","","","約定","市場執行済","-","12/08 09:09:38","本日中","2025/12/08","ＮＦ日経レバ","1570 東証(SOR)","信用返済","売埋","特定","通常注文","-","-","-","一般(1日)","2","2","-","-","43,040.0","43,140.0","43,350.0","86,280","0"
"5891","","","約定","市場執行済","-","12/08 09:09:37","本日中","2025/12/08","ＮＦ日経レバ","1570 東証(SOR)","信用返済","売埋","特定","通常注文","-","-","-","一般(1日)","1","1","-","-","43,040.0","43,150.0","43,350.0","43,150","0"
"5890","","","約定","-","-","12/08 09:08:49","本日中","2025/12/08","ＮＦ日経レバ","1570 東証(SOR)","信用新規","買建","特定","通常注文","-","-","-","一般(1日)","2","2","-","-","43,180.0","43,180.0","43,350.0","86,360","0"
"5889","","","-","取消済","-","12/08 09:08:27","-","-","ＮＦ日経レバ","1570 東証(SOR)","信用返済","売埋","特定","逆指値注文","-","市場価格が43,030円以下なら成行で執行(本日中)","-","一般(1日)","1","0","-","-","-","-","43,350.0","0","0"
"5888","","","約定","-","-","12/08 09:08:25","本日中","2025/12/08","ＮＦ日経レバ","1570 東証(SOR)","信用新規","買建","特定","通常注文","-","-","-","一般(1日)","1","1","-","-","43,170.0","43,170.0","43,350.0","43,170","0"
"5887","","","約定","市場執行済","-","12/08 09:08:20","本日中","2025/12/08","ＮＦ日経レバ","1570 東証(SOR)","信用返済","買埋","特定","通常注文","-","-","-","制度(6ヶ月)","1","1","-","-","成行","43,170.0","43,350.0","43,170","0"
"5886","","","-","取消済","-","12/08 09:07:56","-","-","ＮＦ日経レバ","1570 東証(SOR)","信用返済","買埋","特定","逆指値注文","-","市場価格が43,220円以上なら成行で執行(本日中)","-","制度(6ヶ月)","1","0","-","-","-","-","43,350.0","0","0"
"5885","","","約定","-","-","12/08 09:07:55","本日中","2025/12/08","ＮＦ日経レバ","1570 東証(SOR)","信用新規","売建","特定","通常注文","-","-","-","制度(6ヶ月)","1","1","-","-","43,080.0","43,080.0","43,350.0","43,080","0"
"5884","","","約定","市場執行済","-","12/08 09:07:23","本日中","2025/12/08","ＮＦ日経レバ","1570 東証(SOR)","信用返済","買埋","特定","通常注文","-","-","-","制度(6ヶ月)","2","2","-","-","成行","43,090.0","43,350.0","86,180","0"
"5883","","","約定","市場執行済","-","12/08 09:07:40","本日中","2025/12/08","ＮＦ日経レバ","1570 東証(SOR)","信用返済","買埋","特定","通常注文","-","-","-","制度(6ヶ月)","1","1","-","-","43,070.0","43,070.0","43,350.0","43,070","0"
"5882","","","約定","-","-","12/08 09:06:15","本日中","2025/12/08","ＮＦ日経レバ","1570 東証(SOR)","信用新規","売建","特定","通常注文","-","-","-","制度(6ヶ月)","2","2","-","-","42,950.0","42,960.0","43,350.0","85,920","0"
"5881","","","-","取消済","-","12/08 09:05:35","-","-","ＮＦ日経レバ","1570 東証(SOR)","信用返済","買埋","特定","逆指値注文","-","市場価格が43,160円以上なら成行で執行(本日中)","-","制度(6ヶ月)","1","0","-","-","-","-","43,350.0","0","0"
"5880","","","約定","-","-","12/08 09:05:30","本日中","2025/12/08","ＮＦ日経レバ","1570 東証(SOR)","信用新規","売建","特定","通常注文","-","-","-","制度(6ヶ月)","1","1","-","-","42,990.0","42,990.0","43,350.0","42,990","0"
"5879","","","約定","市場執行済","-","12/08 09:04:47","本日中","2025/12/08","ＮＦ日経レバ","1570 東証(SOR)","信用返済","買埋","特定","通常注文","-","-","-","制度(6ヶ月)","1","1","-","-","43,150.0","43,150.0","43,350.0","43,150","0"
"5878","","","約定","市場執行済","-","12/08 09:04:45","本日中","2025/12/08","ＮＦ日経レバ","1570 東証(SOR)","信用返済","買埋","特定","通常注文","-","-","-","制度(6ヶ月)","2","2","-","-","43,150.0","43,150.0","43,350.0","86,300","0"
"5877","","","約定","市場執行済","-","12/08 09:04:45","本日中","2025/12/08","ＮＦ日経レバ","1570 東証(SOR)","信用返済","買埋","特定","通常注文","-","-","-","制度(6ヶ月)","1","1","-","-","43,150.0","43,150.0","43,350.0","43,150","0"
"5876","","","取消済（出来無）","市場執行済","-","12/08 09:03:48","本日中","2025/12/08","ＮＦ日経レバ","1570 東証(SOR)","信用返済","買埋","特定","通常注文","-","-","-","制度(6ヶ月)","2","0","-","-","43,170.0","-","43,350.0","0","0"
"5875","","","取消済（出来無）","市場執行済","-","12/08 09:03:46","本日中","2025/12/08","ＮＦ日経レバ","1570 東証(SOR)","信用返済","買埋","特定","通常注文","-","-","-","制度(6ヶ月)","1","0","-","-","43,170.0","-","43,350.0","0","0"
"5874","","","取消済（出来無）","市場執行済","-","12/08 09:03:46","本日中","2025/12/08","ＮＦ日経レバ","1570 東証(SOR)","信用返済","買埋","特定","通常注文","-","-","-","制度(6ヶ月)","1","0","-","-","43,170.0","-","43,350.0","0","0"
"5873","","","約定","-","-","12/08 09:03:20","本日中","2025/12/08","ＮＦ日経レバ","1570 東証(SOR)","信用新規","売建","特定","通常注文","-","-","-","制度(6ヶ月)","1","1","-","-","43,170.0","43,170.0","43,350.0","43,170","0"
"5872","","","-","取消済","-","12/08 09:03:11","-","-","ＮＦ日経レバ","1570 東証(SOR)","信用返済","買埋","特定","逆指値注文","-","市場価格が43,380円以上なら成行で執行(本日中)","-","制度(6ヶ月)","2","0","-","-","-","-","43,350.0","0","0"
"5871","","","-","取消済","-","12/08 09:03:09","-","-","ＮＦ日経レバ","1570 東証(SOR)","信用返済","買埋","特定","逆指値注文","-","市場価格が43,410円以上なら成行で執行(本日中)","-","制度(6ヶ月)","1","0","-","-","-","-","43,350.0","0","0"
"5870","","","約定","-","-","12/08 09:03:08","本日中","2025/12/08","ＮＦ日経レバ","1570 東証(SOR)","信用新規","売建","特定","通常注文","-","-","-","制度(6ヶ月)","2","2","-","-","43,240.0","43,250.0","43,350.0","86,500","0"
"5869","","","-","取消済","-","12/08 09:03:03","-","-","ＮＦ日経レバ","1570 東証(SOR)","信用返済","買埋","特定","逆指値注文","-","市場価格が43,410円以上なら成行で執行(本日中)","-","制度(6ヶ月)","1","0","-","-","-","-","43,350.0","0","0"
"5868","","","約定","-","-","12/08 09:03:00","本日中","2025/12/08","ＮＦ日経レバ","1570 東証(SOR)","信用新規","売建","特定","通常注文","-","-","-","制度(6ヶ月)","1","1","-","-","43,270.0","43,270.0","43,350.0","43,270","0"
"5867","","","約定","市場執行済","-","12/08 09:01:52","本日中","2025/12/08","ＮＦ日経レバ","1570 東証(SOR)","信用返済","買埋","特定","通常注文","-","-","-","制度(6ヶ月)","1","1","-","-","成行","43,470.0","43,350.0","43,470","0"
"5866","","","約定","-","-","12/08 09:01:33","本日中","2025/12/08","ＮＦ日経レバ","1570 東証(SOR)","信用新規","売建","特定","通常注文","-","-","-","制度(6ヶ月)","1","1","-","-","43,330.0","43,340.0","43,350.0","43,340","0"
"5865","","","約定","市場執行済","-","12/08 09:01:21","本日中","2025/12/08","ＮＦ日経レバ","1570 東証(SOR)","信用返済","買埋","特定","通常注文","-","-","-","制度(6ヶ月)","1","1","-","-","43,410.0","43,380.0","43,350.0","43,380","0"
"5864","","","約定","市場執行済","-","12/08 09:01:20","本日中","2025/12/08","ＮＦ日経レバ","1570 東証(SOR)","信用返済","買埋","特定","通常注文","-","-","-","制度(6ヶ月)","1","1","-","-","43,410.0","43,390.0","43,350.0","43,390","0"
"5863","","","約定","市場執行済","-","12/08 09:01:19","本日中","2025/12/08","ＮＦ日経レバ","1570 東証(SOR)","信用返済","買埋","特定","通常注文","-","-","-","制度(6ヶ月)","2","2","-","-","43,410.0","43,400.0","43,350.0","86,800","0"
"5862","","","約定","-","-","12/08 09:01:04","本日中","2025/12/08","ＮＦ日経レバ","1570 東証(SOR)","信用新規","売建","特定","通常注文","-","-","-","制度(6ヶ月)","1","1","-","-","43,410.0","43,410.0","43,350.0","43,410","0"
"5861","","","-","取消済","-","12/08 09:00:51","-","-","ＮＦ日経レバ","1570 東証(SOR)","信用返済","買埋","特定","逆指値注文","-","市場価格が43,750円以上なら成行で執行(本日中)","-","制度(6ヶ月)","2","0","-","-","-","-","43,350.0","0","0"
"5860","","","-","取消済","-","12/08 09:00:48","-","-","ＮＦ日経レバ","1570 東証(SOR)","信用返済","買埋","特定","逆指値注文","-","市場価格が43,890円以上なら成行で執行(本日中)","-","制度(6ヶ月)","1","0","-","-","-","-","43,350.0","0","0"
"5859","","","約定","-","-","12/08 09:00:40","本日中","2025/12/08","ＮＦ日経レバ","1570 東証(SOR)","信用新規","売建","特定","通常注文","-","-","-","制度(6ヶ月)","2","2","-","-","43,610.0","43,610.0","43,350.0","87,220","0"
"5858","","","-","取消済","-","12/08 09:00:33","-","-","ＮＦ日経レバ","1570 東証(SOR)","信用返済","買埋","特定","逆指値注文","-","市場価格が43,890円以上なら成行で執行(本日中)","-","制度(6ヶ月)","1","0","-","-","-","-","43,350.0","0","0"
"5857","","","約定","-","-","12/08 09:00:17","本日中","2025/12/08","ＮＦ日経レバ","1570 東証(SOR)","信用新規","売建","特定","通常注文","-","-","-","制度(6ヶ月)","1","1","-","-","43,750.0","43,750.0","43,350.0","43,750","0"
"5856","","","約定","市場執行済","-","12/05 09:11:21","本日中","2025/12/05","ＮＦ日経レバ","1570 東証(SOR)","信用返済","買埋","特定","通常注文","-","-","-","制度(6ヶ月)","1","1","-","-","43,280.0","43,270.0","43,350.0","43,270","0"
"5855","","","約定","-","-","12/05 09:11:06","本日中","2025/12/05","ＮＦ日経レバ","1570 東証(SOR)","信用新規","売建","特定","通常注文","-","-","-","制度(6ヶ月)","1","1","-","-","43,220.0","43,230.0","43,350.0","43,230","0"
"5854","","","約定","市場執行済","-","12/05 09:10:25","本日中","2025/12/05","ＮＦ日経レバ","1570 東証(SOR)","信用返済","買埋","特定","通常注文","-","-","-","制度(6ヶ月)","1","1","-","-","43,160.0","43,160.0","43,350.0","43,160","0"
"5853","","","約定","市場執行済","-","12/05 09:10:24","本日中","2025/12/05","ＮＦ日経レバ","1570 東証(SOR)","信用返済","買埋","特定","通常注文","-","-","-","制度(6ヶ月)","1","1","-","-","43,160.0","43,160.0","43,350.0","43,160","0"
"5852","","","約定","市場執行済","-","12/05 09:10:23","本日中","2025/12/05","ＮＦ日経レバ","1570 東証(SOR)","信用返済","買埋","特定","通常注文","-","-","-","制度(6ヶ月)","1","1","-","-","43,160.0","43,160.0","43,350.0","43,160","0"
"5851","","","約定","-","-","12/05 09:09:41","本日中","2025/12/05","ＮＦ日経レバ","1570 東証(SOR)","信用新規","売建","特定","通常注文","-","-","-","制度(6ヶ月)","1","1","-","-","43,190.0","43,190.0","43,350.0","43,190","0"
"5850","","","-","取消済","-","12/05 09:09:21","-","-","ＮＦ日経レバ","1570 東証(SOR)","信用返済","買埋","特定","逆指値注文","-","市場価格が43,350円以上なら成行で執行(本日中)","-","制度(6ヶ月)","1","0","-","-","-","-","43,350.0","0","0"
"5849","","","-","取消済","-","12/05 09:09:19","-","-","ＮＦ日経レバ","1570 東証(SOR)","信用返済","買埋","特定","逆指値注文","-","市場価格が43,360円以上なら成行で執行(本日中)","-","制度(6ヶ月)","1","0","-","-","-","-","43,350.0","0","0"
"5848","","","約定","-","-","12/05 09:09:11","本日中","2025/12/05","ＮＦ日経レバ","1570 東証(SOR)","信用新規","売建","特定","通常注文","-","-","-","制度(6ヶ月)","1","1","-","-","43,210.0","43,210.0","43,350.0","43,210","0"
"5847","","","-","取消済","-","12/05 09:08:55","-","-","ＮＦ日経レバ","1570 東証(SOR)","信用返済","買埋","特定","逆指値注文","-","市場価格が43,360円以上なら成行で執行(本日中)","-","制度(6ヶ月)","1","0","-","-","-","-","43,350.0","0","0"
"5846","","","約定","-","-","12/05 09:08:52","本日中","2025/12/05","ＮＦ日経レバ","1570 東証(SOR)","信用新規","売建","特定","通常注文","-","-","-","制度(6ヶ月)","1","1","-","-","43,220.0","43,230.0","43,350.0","43,230","0"
"5845","","","約定","市場執行済","-","12/05 09:08:34","本日中","2025/12/05","ＮＦ日経レバ","1570 東証(SOR)","信用返済","買埋","特定","通常注文","-","-","-","制度(6ヶ月)","1","1","-","-","43,240.0","43,230.0","43,350.0","43,230","0"
"5844","","","約定","-","-","12/05 09:08:08","本日中","2025/12/05","ＮＦ日経レバ","1570 東証(SOR)","信用新規","売建","特定","通常注文","-","-","-","制度(6ヶ月)","1","1","-","-","43,150.0","43,150.0","43,350.0","43,150","0"
"5843","","","約定","市場執行済","-","12/05 09:07:41","本日中","2025/12/05","ＮＦ日経レバ","1570 東証(SOR)","信用返済","買埋","特定","通常注文","-","-","-","制度(6ヶ月)","2","2","-","-","43,140.0","43,140.0","43,350.0","86,280","0"
"5842","","","約定","市場執行済","-","12/05 09:07:40","本日中","2025/12/05","ＮＦ日経レバ","1570 東証(SOR)","信用返済","買埋","特定","通常注文","-","-","-","制度(6ヶ月)","1","1","-","-","43,140.0","43,140.0","43,350.0","43,140","0"
"5841","","","約定","市場執行済","-","12/05 09:07:39","本日中","2025/12/05","ＮＦ日経レバ","1570 東証(SOR)","信用返済","買埋","特定","通常注文","-","-","-","制度(6ヶ月)","1","1","-","-","43,140.0","43,140.0","43,350.0","43,140","0"
"5840","","","約定","-","-","12/05 09:07:08","本日中","2025/12/05","ＮＦ日経レバ","1570 東証(SOR)","信用新規","売建","特定","通常注文","-","-","-","制度(6ヶ月)","2","2","-","-","43,170.0","43,170.0","43,350.0","86,340","0"
"5839","","","-","取消済","-","12/05 09:06:49","-","-","ＮＦ日経レバ","1570 東証(SOR)","信用返済","買埋","特定","逆指値注文","-","市場価格が43,400円以上なら成行で執行(本日中)","-","制度(6ヶ月)","1","0","-","-","-","-","43,350.0","0","0"
"5838","","","-","取消済","-","12/05 09:06:48","-","-","ＮＦ日経レバ","1570 東証(SOR)","信用返済","買埋","特定","逆指値注文","-","市場価格が43,530円以上なら成行で執行(本日中)","-","制度(6ヶ月)","1","0","-","-","-","-","43,350.0","0","0"
"5837","","","約定","-","-","12/05 09:06:41","本日中","2025/12/05","ＮＦ日経レバ","1570 東証(SOR)","信用新規","売建","特定","通常注文","-","-","-","制度(6ヶ月)","1","1","-","-","43,190.0","43,210.0","43,350.0","43,210","0"
"5836","","","-","取消済","-","12/05 09:06:31","-","-","ＮＦ日経レバ","1570 東証(SOR)","信用返済","買埋","特定","逆指値注文","-","市場価格が43,530円以上なら成行で執行(本日中)","-","制度(6ヶ月)","1","0","-","-","-","-","43,350.0","0","0"
"5835","","","約定","市場執行済","-","12/05 09:06:04","本日中","2025/12/05","ＮＦ日経レバ","1570 東証(SOR)","信用返済","買埋","特定","通常注文","-","-","-","制度(6ヶ月)","2","2","-","-","43,290.0","43,290.0","43,350.0","86,580","0"
"5834","","","約定","市場執行済","-","12/05 09:06:03","本日中","2025/12/05","ＮＦ日経レバ","1570 東証(SOR)","信用返済","買埋","特定","通常注文","-","-","-","制度(6ヶ月)","1","1","-","-","43,290.0","43,290.0","43,350.0","43,290","0"
"5833","","","約定","-","-","12/05 09:05:52","本日中","2025/12/05","ＮＦ日経レバ","1570 東証(SOR)","信用新規","売建","特定","通常注文","-","-","-","制度(6ヶ月)","1","1","-","-","43,310.0","43,320.0","43,350.0","43,320","0"
"5832","","","-","取消済","-","12/05 09:05:40","-","-","ＮＦ日経レバ","1570 東証(SOR)","信用返済","買埋","特定","逆指値注文","-","市場価格が43,510円以上なら成行で執行(本日中)","-","制度(6ヶ月)","2","0","-","-","-","-","43,350.0","0","0"
"5831","","","-","取消済","-","12/05 09:05:39","-","-","ＮＦ日経レバ","1570 東証(SOR)","信用返済","買埋","特定","逆指値注文","-","市場価格が43,530円以上なら成行で執行(本日中)","-","制度(6ヶ月)","1","0","-","-","-","-","43,350.0","0","0"
"5830","","","約定","-","-","12/05 09:05:34","本日中","2025/12/05","ＮＦ日経レバ","1570 東証(SOR)","信用新規","売建","特定","通常注文","-","-","-","制度(6ヶ月)","2","2","-","-","43,320.0","43,320.0","43,350.0","86,640","0"
"5829","","","-","取消済","-","12/05 09:05:01","-","-","ＮＦ日経レバ","1570 東証(SOR)","信用返済","買埋","特定","逆指値注文","-","市場価格が43,530円以上なら成行で執行(本日中)","-","制度(6ヶ月)","1","0","-","-","-","-","43,350.0","0","0"
"5828","","","約定","-","-","12/05 09:04:58","本日中","2025/12/05","ＮＦ日経レバ","1570 東証(SOR)","信用新規","売建","特定","通常注文","-","-","-","制度(6ヶ月)","1","1","-","-","43,390.0","43,390.0","43,350.0","43,390","0"
"5827","","","約定","市場執行済","-","12/05 09:04:20","本日中","2025/12/05","ＮＦ日経レバ","1570 東証(SOR)","信用返済","買埋","特定","通常注文","-","-","-","制度(6ヶ月)","1","1","-","-","43,430.0","43,420.0","43,350.0","43,420","0"
"5826","","","約定","-","-","12/05 09:03:41","本日中","2025/12/05","ＮＦ日経レバ","1570 東証(SOR)","信用新規","売建","特定","通常注文","-","-","-","制度(6ヶ月)","1","1","-","-","43,410.0","43,410.0","43,350.0","43,410","0"
"5825","","","取消済（出来無）","-","-","12/05 07:26:00","本日中","2025/12/05","ＮＦ日経レバ","1570 東証(SOR)","信用新規","買建","特定","通常注文","-","-","-","一般(1日)","3","0","-","-","42,710.0","-","43,350.0","0","0"
"5824","","","取消済（出来無）","-","-","12/04 09:17:04","本日中","2025/12/04","ＮＦ日経レバ","1570 東証(SOR)","信用新規","買建","特定","通常注文","-","-","-","一般(1日)","3","0","-","-","42,710.0","-","43,350.0","0","0"
"5823","","","約定","-","-","12/04 09:15:49","本日中","2025/12/04","ＮＦ日経レバ","1570 東証(SOR)","信用返済","売埋","特定","通常注文","-","-","-","一般(1日)","6","6","-","-","43,080.0","43,080.0","43,350.0","258,480","0"
"5822","","","約定","-","-","12/04 09:15:21","本日中","2025/12/04","ＮＦ日経レバ","1570 東証(SOR)","信用新規","買建","特定","通常注文","-","-","-","一般(1日)","3","3","-","-","43,050.0","43,050.0","43,350.0","129,150","0"
"5821","","","約定","-","-","12/04 09:15:13","本日中","2025/12/04","ＮＦ日経レバ","1570 東証(SOR)","信用新規","買建","特定","通常注文","-","-","-","一般(1日)","3","3","-","-","43,080.0","43,010.0","43,350.0","129,030","0"
"5820","","","約定","-","-","12/04 09:14:40","本日中","2025/12/04","ＮＦ日経レバ","1570 東証(SOR)","信用返済","売埋","特定","通常注文","-","-","-","一般(1日)","6","6","-","-","42,970.0","42,970.0","43,350.0","257,820","0"
"5819","","","約定","-","-","12/04 09:10:52","本日中","2025/12/04","ＮＦ日経レバ","1570 東証(SOR)","信用新規","買建","特定","通常注文","-","-","-","一般(1日)","3","3","-","-","43,030.0","43,030.0","43,350.0","129,090","0"
"5818","","","約定","-","-","12/04 09:10:35","本日中","2025/12/04","ＮＦ日経レバ","1570 東証(SOR)","信用新規","買建","特定","通常注文","-","-","-","一般(1日)","3","3","-","-","43,020.0","43,020.0","43,350.0","129,060","0"
"5817","","","約定","-","-","12/04 09:08:57","本日中","2025/12/04","ＮＦ日経レバ","1570 東証(SOR)","信用返済","売埋","特定","通常注文","-","-","-","一般(1日)","9","9","-","-","42,960.0","42,960.0","43,350.0","386,640","0"
"5816","","","-","取消済","-","12/04 09:07:38","-","-","ＮＦ日経レバ","1570 東証(SOR)","信用返済","売埋","特定","逆指値注文","-","市場価格が42,850円以下なら成行で執行(本日中)","-","一般(1日)","3","0","-","-","-","-","43,350.0","0","0"
"5815","","","-","取消済","-","12/04 09:07:36","-","-","ＮＦ日経レバ","1570 東証(SOR)","信用返済","売埋","特定","逆指値注文","-","市場価格が42,800円以下なら成行で執行(本日中)","-","一般(1日)","3","0","-","-","-","-","43,350.0","0","0"
"5814","","","約定","-","-","12/04 09:07:35","本日中","2025/12/04","ＮＦ日経レバ","1570 東証(SOR)","信用新規","買建","特定","通常注文","-","-","-","一般(1日)","3","3","-","-","42,970.0","42,920.0","43,350.0","128,760","0"
"5813","","","-","取消済","-","12/04 09:07:30","-","-","ＮＦ日経レバ","1570 東証(SOR)","信用返済","売埋","特定","逆指値注文","-","市場価格が42,850円以下なら成行で執行(本日中)","-","一般(1日)","3","0","-","-","-","-","43,350.0","0","0"
"5812","","","-","取消済","-","12/04 09:07:28","-","-","ＮＦ日経レバ","1570 東証(SOR)","信用返済","売埋","特定","逆指値注文","-","市場価格が42,800円以下なら成行で執行(本日中)","-","一般(1日)","3","0","-","-","-","-","43,350.0","0","0"
"5811","","","約定","-","-","12/04 09:07:27","本日中","2025/12/04","ＮＦ日経レバ","1570 東証(SOR)","信用新規","買建","特定","通常注文","-","-","-","一般(1日)","3","3","-","-","42,960.0","42,960.0","43,350.0","128,880","0"
"5810","","","-","取消済","-","12/04 09:07:16","-","-","ＮＦ日経レバ","1570 東証(SOR)","信用返済","売埋","特定","逆指値注文","-","市場価格が42,800円以下なら成行で執行(本日中)","-","一般(1日)","3","0","-","-","-","-","43,350.0","0","0"
"5809","","","約定","-","-","12/04 09:07:06","本日中","2025/12/04","ＮＦ日経レバ","1570 東証(SOR)","信用新規","買建","特定","通常注文","-","-","-","一般(1日)","3","3","-","-","42,950.0","42,950.0","43,350.0","128,850","0"
"5808","","","取消済（出来無）","-","-","12/04 09:06:49","本日中","2025/12/04","ＮＦ日経レバ","1570 東証(SOR)","信用新規","買建","特定","通常注文","-","-","-","一般(1日)","3","0","-","-","42,930.0","-","43,350.0","0","0"
"5807","","","約定","市場執行済","-","12/04 09:06:35","本日中","2025/12/04","ＮＦ日経レバ","1570 東証(SOR)","信用返済","売埋","特定","通常注文","-","-","-","一般(1日)","3","3","-","-","42,890.0","42,890.0","43,350.0","128,670","0"
"5806","","","約定","市場執行済","-","12/04 09:06:35","本日中","2025/12/04","ＮＦ日経レバ","1570 東証(SOR)","信用返済","売埋","特定","通常注文","-","-","-","一般(1日)","3","3","-","-","42,890.0","42,890.0","43,350.0","128,670","0"
"5805","","","約定","市場執行済","-","12/04 09:06:34","本日中","2025/12/04","ＮＦ日経レバ","1570 東証(SOR)","信用返済","売埋","特定","通常注文","-","-","-","一般(1日)","3","3","-","-","42,890.0","42,890.0","43,350.0","128,670","0"
"5804","","","約定","-","-","12/04 09:06:22","本日中","2025/12/04","ＮＦ日経レバ","1570 東証(SOR)","信用新規","買建","特定","通常注文","-","-","-","一般(1日)","3","3","-","-","42,880.0","42,880.0","43,350.0","128,640","0"
"5803","","","-","取消済","-","12/04 09:06:08","-","-","ＮＦ日経レバ","1570 東証(SOR)","信用返済","売埋","特定","逆指値注文","-","市場価格が42,740円以下なら成行で執行(本日中)","-","一般(1日)","3","0","-","-","-","-","43,350.0","0","0"
"5802","","","-","取消済","-","12/04 09:06:06","-","-","ＮＦ日経レバ","1570 東証(SOR)","信用返済","売埋","特定","逆指値注文","-","市場価格が42,740円以下なら成行で執行(本日中)","-","一般(1日)","3","0","-","-","-","-","43,350.0","0","0"
"5801","","","約定","-","-","12/04 09:06:02","本日中","2025/12/04","ＮＦ日経レバ","1570 東証(SOR)","信用新規","買建","特定","通常注文","-","-","-","一般(1日)","3","3","-","-","42,880.0","42,850.0","43,350.0","128,550","0"
"5800","","","-","取消済","-","12/04 09:05:51","-","-","ＮＦ日経レバ","1570 東証(SOR)","信用返済","売埋","特定","逆指値注文","-","市場価格が42,740円以下なら成行で執行(本日中)","-","一般(1日)","3","0","-","-","-","-","43,350.0","0","0"
"5799","","","約定","-","-","12/04 09:05:49","本日中","2025/12/04","ＮＦ日経レバ","1570 東証(SOR)","信用新規","買建","特定","通常注文","-","-","-","一般(1日)","3","3","-","-","42,850.0","42,845.0","43,350.0","128,535","0"
"5798","","","約定","市場執行済","-","12/04 09:04:23","本日中","2025/12/04","ＮＦ日経レバ","1570 東証(SOR)","信用返済","売埋","特定","通常注文","-","-","-","一般(1日)","3","3","-","-","42,810.0","42,815.0","43,350.0","128,445","0"
"5797","","","約定","市場執行済","-","12/04 09:04:22","本日中","2025/12/04","ＮＦ日経レバ","1570 東証(SOR)","信用返済","売埋","特定","通常注文","-","-","-","一般(1日)","3","3","-","-","42,810.0","42,820.0","43,350.0","128,460","0"
"5796","","","約定","市場執行済","-","12/04 09:04:21","本日中","2025/12/04","ＮＦ日経レバ","1570 東証(SOR)","信用返済","売埋","特定","通常注文","-","-","-","一般(1日)","3","3","-","-","42,810.0","42,825.0","43,350.0","128,475","0"
"5795","","","約定","-","-","12/04 09:03:54","本日中","2025/12/04","ＮＦ日経レバ","1570 東証(SOR)","信用新規","買建","特定","通常注文","-","-","-","一般(1日)","3","3","-","-","42,750.0","42,740.0","43,350.0","128,220","0"
"5794","","","-","取消済","-","12/04 09:03:45","-","-","ＮＦ日経レバ","1570 東証(SOR)","信用返済","売埋","特定","逆指値注文","-","市場価格が42,600円以下なら成行で執行(本日中)","-","一般(1日)","3","0","-","-","-","-","43,350.0","0","0"
"5793","","","-","取消済","-","12/04 09:03:42","-","-","ＮＦ日経レバ","1570 東証(SOR)","信用返済","売埋","特定","逆指値注文","-","市場価格が42,540円以下なら成行で執行(本日中)","-","一般(1日)","3","0","-","-","-","-","43,350.0","0","0"
"5792","","","約定","-","-","12/04 09:03:39","本日中","2025/12/04","ＮＦ日経レバ","1570 東証(SOR)","信用新規","買建","特定","通常注文","-","-","-","一般(1日)","3","3","-","-","42,730.0","42,730.0","43,350.0","128,190","0"
"5791","","","-","取消済","-","12/04 09:02:52","-","-","ＮＦ日経レバ","1570 東証(SOR)","信用返済","売埋","特定","逆指値注文","-","市場価格が42,540円以下なら成行で執行(本日中)","-","一般(1日)","3","0","-","-","-","-","43,350.0","0","0"
"5790","","","約定","市場執行済","-","12/04 09:02:54","本日中","2025/12/04","ＮＦ日経レバ","1570 東証(SOR)","信用返済","売埋","特定","通常注文","-","-","-","一般(1日)","3","3","-","-","42,690.0","42,690.0","43,350.0","128,070","0"
"5789","","","約定","市場執行済","-","12/04 09:02:53","本日中","2025/12/04","ＮＦ日経レバ","1570 東証(SOR)","信用返済","売埋","特定","通常注文","-","-","-","一般(1日)","3","3","-","-","42,690.0","42,690.0","43,350.0","128,070","0"
"5788","","","約定","-","-","12/04 09:02:37","本日中","2025/12/04","ＮＦ日経レバ","1570 東証(SOR)","信用新規","買建","特定","通常注文","-","-","-","一般(1日)","3","3","-","-","42,700.0","42,690.0","43,350.0","128,070","0"
"5787","","","-","取消済","-","12/04 09:02:28","-","-","ＮＦ日経レバ","1570 東証(SOR)","信用返済","売埋","特定","逆指値注文","-","市場価格が42,520円以下なら成行で執行(本日中)","-","一般(1日)","3","0","-","-","-","-","43,350.0","0","0"
"5786","","","-","取消済","-","12/04 09:02:26","-","-","ＮＦ日経レバ","1570 東証(SOR)","信用返済","売埋","特定","逆指値注文","-","市場価格が42,480円以下なら成行で執行(本日中)","-","一般(1日)","3","0","-","-","-","-","43,350.0","0","0"
"5785","","","約定","-","-","12/04 09:02:23","本日中","2025/12/04","ＮＦ日経レバ","1570 東証(SOR)","信用新規","買建","特定","通常注文","-","-","-","一般(1日)","3","3","-","-","42,630.0","42,630.0","43,350.0","127,890","0"
"5784","","","-","取消済","-","12/04 09:02:08","-","-","ＮＦ日経レバ","1570 東証(SOR)","信用返済","売埋","特定","逆指値注文","-","市場価格が42,480円以下なら成行で執行(本日中)","-","一般(1日)","3","0","-","-","-","-","43,350.0","0","0"
"5783","","","約定","-","-","12/04 09:02:00","本日中","2025/12/04","ＮＦ日経レバ","1570 東証(SOR)","信用新規","買建","特定","通常注文","-","-","-","一般(1日)","3","3","-","-","42,620.0","42,620.0","43,350.0","127,860","0"
"5782","","","約定","市場執行済","-","12/03 10:46:38","本日中","2025/12/03","ＮＦ日経レバ","1570 東証(SOR)","信用返済","売埋","特定","通常注文","-","-","-","一般(1日)","3","3","-","-","42,090.0","42,100.0","43,350.0","126,300","0"
"5781","","","取消済（出来無）","-","-","12/03 10:46:06","本日中","2025/12/03","ＮＦ日経レバ","1570 東証(SOR)","信用新規","買建","特定","通常注文","-","-","-","一般(1日)","3","0","-","-","42,070.0","-","43,350.0","0","0"
"5780","","","-","取消済","-","12/03 10:45:37","-","-","ＮＦ日経レバ","1570 東証(SOR)","信用返済","売埋","特定","逆指値注文","-","市場価格が41,940円以下なら成行で執行(本日中)","-","一般(1日)","3","0","-","-","-","-","43,350.0","0","0"
"5779","","","約定","-","-","12/03 10:45:35","本日中","2025/12/03","ＮＦ日経レバ","1570 東証(SOR)","信用新規","買建","特定","通常注文","-","-","-","一般(1日)","3","3","-","-","42,060.0","42,060.0","43,350.0","126,180","0"
"5778","","","約定","市場執行済","-","12/03 10:44:24","本日中","2025/12/03","ＮＦ日経レバ","1570 東証(SOR)","信用返済","売埋","特定","通常注文","-","-","-","一般(1日)","3","3","-","-","42,040.0","42,040.0","43,350.0","126,120","0"
"5777","","","約定","市場執行済","-","12/03 10:44:24","本日中","2025/12/03","ＮＦ日経レバ","1570 東証(SOR)","信用返済","売埋","特定","通常注文","-","-","-","一般(1日)","3","3","-","-","42,040.0","42,040.0","43,350.0","126,120","0"
"5776","","","約定","市場執行済","-","12/03 10:44:24","本日中","2025/12/03","ＮＦ日経レバ","1570 東証(SOR)","信用返済","売埋","特定","通常注文","-","-","-","一般(1日)","3","3","-","-","42,040.0","42,040.0","43,350.0","126,120","0"
"5775","","","約定","-","-","12/03 10:42:12","本日中","2025/12/03","ＮＦ日経レバ","1570 東証(SOR)","信用新規","買建","特定","通常注文","-","-","-","一般(1日)","3","3","-","-","42,040.0","42,040.0","43,350.0","126,120","0"
"5774","","","-","取消済","-","12/03 10:41:37","-","-","ＮＦ日経レバ","1570 東証(SOR)","信用返済","売埋","特定","逆指値注文","-","市場価格が41,900円以下なら成行で執行(本日中)","-","一般(1日)","3","0","-","-","-","-","43,350.0","0","0"
"5773","","","-","取消済","-","12/03 10:41:35","-","-","ＮＦ日経レバ","1570 東証(SOR)","信用返済","売埋","特定","逆指値注文","-","市場価格が41,920円以下なら成行で執行(本日中)","-","一般(1日)","3","0","-","-","-","-","43,350.0","0","0"
"5772","","","約定","-","-","12/03 10:41:31","本日中","2025/12/03","ＮＦ日経レバ","1570 東証(SOR)","信用新規","買建","特定","通常注文","-","-","-","一般(1日)","3","3","-","-","42,020.0","42,020.0","43,350.0","126,060","0"
"5771","","","-","取消済","-","12/03 10:41:17","-","-","ＮＦ日経レバ","1570 東証(SOR)","信用返済","売埋","特定","逆指値注文","-","市場価格が41,920円以下なら成行で執行(本日中)","-","一般(1日)","3","0","-","-","-","-","43,350.0","0","0"
"5770","","","約定","-","-","12/03 10:41:15","本日中","2025/12/03","ＮＦ日経レバ","1570 東証(SOR)","信用新規","買建","特定","通常注文","-","-","-","一般(1日)","3","3","-","-","42,040.0","42,010.0","43,350.0","126,030","0"
"5769","","","約定","市場執行済","-","12/03 10:38:33","本日中","2025/12/03","ＮＦ日経レバ","1570 東証(SOR)","信用返済","売埋","特定","通常注文","-","-","-","一般(1日)","3","3","-","-","42,030.0","42,030.0","43,350.0","126,090","0"
"5768","","","約定","-","-","12/03 10:37:50","本日中","2025/12/03","ＮＦ日経レバ","1570 東証(SOR)","信用新規","買建","特定","通常注文","-","-","-","一般(1日)","3","3","-","-","42,140.0","42,140.0","43,350.0","126,420","0"
"5767","","","約定","市場執行済","-","12/03 10:37:07","本日中","2025/12/03","ＮＦ日経レバ","1570 東証(SOR)","信用返済","売埋","特定","通常注文","-","-","-","一般(1日)","3","3","-","-","42,130.0","42,130.0","43,350.0","126,390","0"
"5766","","","約定","-","-","12/03 10:36:37","本日中","2025/12/03","ＮＦ日経レバ","1570 東証(SOR)","信用新規","買建","特定","通常注文","-","-","-","一般(1日)","3","3","-","-","42,160.0","42,160.0","43,350.0","126,480","0"
"5765","","","約定","市場執行済","-","12/03 10:36:22","本日中","2025/12/03","ＮＦ日経レバ","1570 東証(SOR)","信用返済","買埋","特定","通常注文","-","-","-","制度(6ヶ月)","3","3","-","-","42,160.0","42,160.0","43,350.0","126,480","0"
"5764","","","約定","-","-","12/03 10:35:55","本日中","2025/12/03","ＮＦ日経レバ","1570 東証(SOR)","信用新規","売建","特定","通常注文","-","-","-","制度(6ヶ月)","3","3","-","-","42,170.0","42,170.0","43,350.0","126,510","0"
"5763","","","約定","市場執行済","-","12/03 10:35:31","本日中","2025/12/03","ＮＦ日経レバ","1570 東証(SOR)","信用返済","買埋","特定","通常注文","-","-","-","制度(6ヶ月)","3","3","-","-","42,170.0","42,170.0","43,350.0","126,510","0"
"5762","","","約定","-","-","12/03 10:34:44","本日中","2025/12/03","ＮＦ日経レバ","1570 東証(SOR)","信用新規","売建","特定","通常注文","-","-","-","制度(6ヶ月)","3","3","-","-","42,180.0","42,180.0","43,350.0","126,540","0"
"5761","","","約定","市場執行済","-","12/03 10:33:59","本日中","2025/12/03","ＮＦ日経レバ","1570 東証(SOR)","信用返済","売埋","特定","通常注文","-","-","-","一般(1日)","3","3","-","-","42,170.0","42,170.0","43,350.0","126,510","0"
"5760","","","約定","-","-","12/03 10:33:31","本日中","2025/12/03","ＮＦ日経レバ","1570 東証(SOR)","信用新規","買建","特定","通常注文","-","-","-","一般(1日)","3","3","-","-","42,150.0","42,150.0","43,350.0","126,450","0"
"5759","","","約定","市場執行済","-","12/03 10:33:16","本日中","2025/12/03","ＮＦ日経レバ","1570 東証(SOR)","信用返済","買埋","特定","通常注文","-","-","-","制度(6ヶ月)","3","3","-","-","42,160.0","42,160.0","43,350.0","126,480","0"
"5758","","","約定","-","-","12/03 10:32:56","本日中","2025/12/03","ＮＦ日経レバ","1570 東証(SOR)","信用新規","売建","特定","通常注文","-","-","-","制度(6ヶ月)","3","3","-","-","42,140.0","42,140.0","43,350.0","126,420","0"
"5757","","","約定","市場執行済","-","12/03 10:32:16","本日中","2025/12/03","ＮＦ日経レバ","1570 東証(SOR)","信用返済","売埋","特定","通常注文","-","-","-","一般(1日)","3","3","-","-","42,130.0","42,130.0","43,350.0","126,390","0"
"5756","","","約定","-","-","12/03 10:31:23","本日中","2025/12/03","ＮＦ日経レバ","1570 東証(SOR)","信用新規","買建","特定","通常注文","-","-","-","一般(1日)","3","3","-","-","42,110.0","42,105.0","43,350.0","126,315","0"
"5755","","","約定","市場執行済","-","12/03 10:30:46","本日中","2025/12/03","ＮＦ日経レバ","1570 東証(SOR)","信用返済","買埋","特定","通常注文","-","-","-","制度(6ヶ月)","3","3","-","-","42,110.0","42,110.0","43,350.0","126,330","0"
"5754","","","約定","-","-","12/03 10:30:26","本日中","2025/12/03","ＮＦ日経レバ","1570 東証(SOR)","信用新規","売建","特定","通常注文","-","-","-","制度(6ヶ月)","3","3","-","-","42,140.0","42,140.0","43,350.0","126,420","0"
"5753","","","約定","市場執行済","-","12/03 10:29:51","本日中","2025/12/03","ＮＦ日経レバ","1570 東証(SOR)","信用返済","買埋","特定","通常注文","-","-","-","制度(6ヶ月)","3","3","-","-","42,150.0","42,150.0","43,350.0","126,450","0"
"5752","","","約定","-","-","12/03 10:29:31","本日中","2025/12/03","ＮＦ日経レバ","1570 東証(SOR)","信用新規","売建","特定","通常注文","-","-","-","制度(6ヶ月)","3","3","-","-","42,110.0","42,110.0","43,350.0","126,330","0"
"5751","","","取消済（出来無）","-","-","12/03 10:29:25","本日中","2025/12/03","ＮＦ日経レバ","1570 東証(SOR)","信用新規","買建","特定","通常注文","-","-","-","一般(1日)","3","0","-","-","42,090.0","-","43,350.0","0","0"
"5750","","","約定","市場執行済","-","12/03 10:29:06","本日中","2025/12/03","ＮＦ日経レバ","1570 東証(SOR)","信用返済","買埋","特定","通常注文","-","-","-","制度(6ヶ月)","3","3","-","-","42,090.0","42,090.0","43,350.0","126,270","0"
"5749","","","約定","-","-","12/03 10:28:34","本日中","2025/12/03","ＮＦ日経レバ","1570 東証(SOR)","信用新規","売建","特定","通常注文","-","-","-","制度(6ヶ月)","3","3","-","-","42,110.0","42,110.0","43,350.0","126,330","0"
"5748","","","約定","市場執行済","-","12/03 10:26:39","本日中","2025/12/03","ＮＦ日経レバ","1570 東証(SOR)","信用返済","売埋","特定","通常注文","-","-","-","一般(1日)","3","3","-","-","42,090.0","42,090.0","43,350.0","126,270","0"
"5747","","","約定","-","-","12/03 10:26:29","本日中","2025/12/03","ＮＦ日経レバ","1570 東証(SOR)","信用新規","買建","特定","通常注文","-","-","-","一般(1日)","3","3","-","-","42,080.0","42,080.0","43,350.0","126,240","0"
"5746","","","取消済（出来無）","-","-","12/03 10:26:18","本日中","2025/12/03","ＮＦ日経レバ","1570 東証(SOR)","信用新規","売建","特定","通常注文","-","-","-","制度(6ヶ月)","3","0","-","-","42,090.0","-","43,350.0","0","0"
"5745","","","取消済（出来無）","-","-","12/03 10:25:49","本日中","2025/12/03","ＮＦ日経レバ","1570 東証(SOR)","信用新規","買建","特定","通常注文","-","-","-","一般(1日)","3","0","-","-","42,080.0","-","43,350.0","0","0"
"5744","","","取消済（出来無）","-","-","12/03 10:25:22","本日中","2025/12/03","ＮＦ日経レバ","1570 東証(SOR)","信用新規","売建","特定","通常注文","-","-","-","制度(6ヶ月)","3","0","-","-","42,100.0","-","43,350.0","0","0"
"5743","","","約定","市場執行済","-","12/03 10:25:08","本日中","2025/12/03","ＮＦ日経レバ","1570 東証(SOR)","信用返済","売埋","特定","通常注文","-","-","-","一般(1日)","3","3","-","-","42,090.0","42,090.0","43,350.0","126,270","0"
"5742","","","約定","-","-","12/03 10:24:41","本日中","2025/12/03","ＮＦ日経レバ","1570 東証(SOR)","信用新規","買建","特定","通常注文","-","-","-","一般(1日)","3","3","-","-","42,070.0","42,070.0","43,350.0","126,210","0"
"5741","","","取消済（出来無）","-","-","12/03 10:24:33","本日中","2025/12/03","ＮＦ日経レバ","1570 東証(SOR)","信用新規","売建","特定","通常注文","-","-","-","制度(6ヶ月)","3","0","-","-","42,090.0","-","43,350.0","0","0"
"5740","","","約定","市場執行済","-","12/03 10:22:17","本日中","2025/12/03","ＮＦ日経レバ","1570 東証(SOR)","信用返済","売埋","特定","通常注文","-","-","-","一般(1日)","3","3","-","-","42,070.0","42,070.0","43,350.0","126,210","0"
"5739","","","約定","-","-","12/03 10:21:50","本日中","2025/12/03","ＮＦ日経レバ","1570 東証(SOR)","信用新規","買建","特定","通常注文","-","-","-","一般(1日)","3","3","-","-","42,120.0","42,120.0","43,350.0","126,360","0"
"5738","","","約定","市場執行済","-","12/03 10:20:24","本日中","2025/12/03","ＮＦ日経レバ","1570 東証(SOR)","信用返済","売埋","特定","通常注文","-","-","-","一般(1日)","3","3","-","-","42,090.0","42,090.0","43,350.0","126,270","0"
"5737","","","約定","-","-","12/03 10:19:50","本日中","2025/12/03","ＮＦ日経レバ","1570 東証(SOR)","信用新規","買建","特定","通常注文","-","-","-","一般(1日)","3","3","-","-","42,070.0","42,070.0","43,350.0","126,210","0"
"5736","","","約定","市場執行済","-","12/03 10:18:35","本日中","2025/12/03","ＮＦ日経レバ","1570 東証(SOR)","信用返済","買埋","特定","通常注文","-","-","-","制度(6ヶ月)","3","3","-","-","42,060.0","42,060.0","43,350.0","126,180","0"
"5735","","","約定","-","-","12/03 10:18:06","本日中","2025/12/03","ＮＦ日経レバ","1570 東証(SOR)","信用新規","売建","特定","通常注文","-","-","-","制度(6ヶ月)","3","3","-","-","42,080.0","42,080.0","43,350.0","126,240","0"
"5734","","","約定","市場執行済","-","12/03 10:17:25","本日中","2025/12/03","ＮＦ日経レバ","1570 東証(SOR)","信用返済","買埋","特定","通常注文","-","-","-","制度(6ヶ月)","3","3","-","-","42,110.0","42,110.0","43,350.0","126,330","0"
"5733","","","取消済（出来無）","-","-","12/03 10:17:11","本日中","2025/12/03","ＮＦ日経レバ","1570 東証(SOR)","信用新規","売建","特定","通常注文","-","-","-","制度(6ヶ月)","3","0","-","-","42,110.0","-","43,350.0","0","0"
"5732","","","-","取消済","-","12/03 10:16:32","-","-","ＮＦ日経レバ","1570 東証(SOR)","信用返済","買埋","特定","逆指値注文","-","市場価格が42,240円以上なら成行で執行(本日中)","-","制度(6ヶ月)","3","0","-","-","-","-","43,350.0","0","0"
"5731","","","約定","-","-","12/03 10:16:29","本日中","2025/12/03","ＮＦ日経レバ","1570 東証(SOR)","信用新規","売建","特定","通常注文","-","-","-","制度(6ヶ月)","3","3","-","-","42,120.0","42,120.0","43,350.0","126,360","0"
"5730","","","約定","市場執行済","-","12/03 10:15:37","本日中","2025/12/03","ＮＦ日経レバ","1570 東証(SOR)","信用返済","買埋","特定","通常注文","-","-","-","制度(6ヶ月)","3","3","-","-","42,090.0","42,090.0","43,350.0","126,270","0"
"5729","","","約定","-","-","12/03 10:13:35","本日中","2025/12/03","ＮＦ日経レバ","1570 東証(SOR)","信用新規","売建","特定","通常注文","-","-","-","制度(6ヶ月)","3","3","-","-","42,080.0","42,080.0","43,350.0","126,240","0"
"5728","","","約定","市場執行済","-","12/03 10:13:07","本日中","2025/12/03","ＮＦ日経レバ","1570 東証(SOR)","信用返済","売埋","特定","通常注文","-","-","-","一般(1日)","3","3","-","-","42,080.0","42,080.0","43,350.0","126,240","0"
"5727","","","約定","-","-","12/03 10:10:53","本日中","2025/12/03","ＮＦ日経レバ","1570 東証(SOR)","信用新規","買建","特定","通常注文","-","-","-","一般(1日)","3","3","-","-","42,130.0","42,125.0","43,350.0","126,375","0"
"5726","","","約定","市場執行済","-","12/03 10:10:34","本日中","2025/12/03","ＮＦ日経レバ","1570 東証(SOR)","信用返済","売埋","特定","通常注文","-","-","-","一般(1日)","3","3","-","-","42,130.0","42,130.0","43,350.0","126,390","0"
"5725","","","約定","-","-","12/03 10:09:05","本日中","2025/12/03","ＮＦ日経レバ","1570 東証(SOR)","信用新規","買建","特定","通常注文","-","-","-","一般(1日)","3","3","-","-","42,180.0","42,180.0","43,350.0","126,540","0"
"5724","","","約定","市場執行済","-","12/03 10:08:45","本日中","2025/12/03","ＮＦ日経レバ","1570 東証(SOR)","信用返済","買埋","特定","通常注文","-","-","-","制度(6ヶ月)","3","3","-","-","42,200.0","42,200.0","43,350.0","126,600","0"
"5723","","","約定","-","-","12/03 10:08:04","本日中","2025/12/03","ＮＦ日経レバ","1570 東証(SOR)","信用新規","売建","特定","通常注文","-","-","-","制度(6ヶ月)","3","3","-","-","42,150.0","42,150.0","43,350.0","126,450","0"
"5722","","","約定","市場執行済","-","12/03 10:07:05","本日中","2025/12/03","ＮＦ日経レバ","1570 東証(SOR)","信用返済","買埋","特定","通常注文","-","-","-","制度(6ヶ月)","3","3","-","-","42,130.0","42,130.0","43,350.0","126,390","0"
"5721","","","約定","-","-","12/03 10:06:35","本日中","2025/12/03","ＮＦ日経レバ","1570 東証(SOR)","信用新規","売建","特定","通常注文","-","-","-","制度(6ヶ月)","3","3","-","-","42,080.0","42,080.0","43,350.0","126,240","0"
"5720","","","約定","市場執行済","-","12/03 10:06:16","本日中","2025/12/03","ＮＦ日経レバ","1570 東証(SOR)","信用返済","売埋","特定","通常注文","-","-","-","一般(1日)","3","3","-","-","42,060.0","42,070.0","43,350.0","126,210","0"
"5719","","","約定","-","-","12/03 10:05:16","本日中","2025/12/03","ＮＦ日経レバ","1570 東証(SOR)","信用新規","買建","特定","通常注文","-","-","-","一般(1日)","3","3","-","-","42,070.0","42,070.0","43,350.0","126,210","0"
"5718","","","約定","市場執行済","-","12/03 10:04:52","本日中","2025/12/03","ＮＦ日経レバ","1570 東証(SOR)","信用返済","売埋","特定","通常注文","-","-","-","一般(1日)","3","3","-","-","42,080.0","42,080.0","43,350.0","126,240","0"
"5717","","","約定","-","-","12/03 10:04:34","本日中","2025/12/03","ＮＦ日経レバ","1570 東証(SOR)","信用新規","買建","特定","通常注文","-","-","-","一般(1日)","3","3","-","-","42,070.0","42,070.0","43,350.0","126,210","0"
"5716","","","取消済（出来無）","-","-","12/03 10:04:12","本日中","2025/12/03","ＮＦ日経レバ","1570 東証(SOR)","信用新規","売建","特定","通常注文","-","-","-","制度(6ヶ月)","3","0","-","-","42,090.0","-","43,350.0","0","0"
"5715","","","約定","市場執行済","-","12/03 10:04:01","本日中","2025/12/03","ＮＦ日経レバ","1570 東証(SOR)","信用返済","売埋","特定","通常注文","-","-","-","一般(1日)","3","3","-","-","42,080.0","42,080.0","43,350.0","126,240","0"
"5714","","","約定","-","-","12/03 10:03:24","本日中","2025/12/03","ＮＦ日経レバ","1570 東証(SOR)","信用新規","買建","特定","通常注文","-","-","-","一般(1日)","3","3","-","-","42,070.0","42,070.0","43,350.0","126,210","0"
"5713","","","約定","市場執行済","-","12/03 10:03:00","本日中","2025/12/03","ＮＦ日経レバ","1570 東証(SOR)","信用返済","売埋","特定","通常注文","-","-","-","一般(1日)","3","3","-","-","42,090.0","42,090.0","43,350.0","126,270","0"
"5712","","","約定","-","-","12/03 10:02:43","本日中","2025/12/03","ＮＦ日経レバ","1570 東証(SOR)","信用新規","買建","特定","通常注文","-","-","-","一般(1日)","3","3","-","-","42,140.0","42,120.0","43,350.0","126,360","0"
"5711","","","約定","市場執行済","-","12/03 10:02:10","本日中","2025/12/03","ＮＦ日経レバ","1570 東証(SOR)","信用返済","買埋","特定","通常注文","-","-","-","制度(6ヶ月)","3","3","-","-","42,150.0","42,150.0","43,350.0","126,450","0"
"5710","","","約定","-","-","12/03 10:01:58","本日中","2025/12/03","ＮＦ日経レバ","1570 東証(SOR)","信用新規","売建","特定","通常注文","-","-","-","制度(6ヶ月)","3","3","-","-","42,110.0","42,110.0","43,350.0","126,330","0"
"5709","","","約定","市場執行済","-","12/03 10:01:27","本日中","2025/12/03","ＮＦ日経レバ","1570 東証(SOR)","信用返済","買埋","特定","通常注文","-","-","-","制度(6ヶ月)","3","3","-","-","42,090.0","42,080.0","43,350.0","126,240","0"
"5708","","","約定","-","-","12/03 10:01:17","本日中","2025/12/03","ＮＦ日経レバ","1570 東証(SOR)","信用新規","売建","特定","通常注文","-","-","-","制度(6ヶ月)","3","3","-","-","42,070.0","42,070.0","43,350.0","126,210","0"
"5707","","","約定","市場執行済","-","12/03 10:01:03","本日中","2025/12/03","ＮＦ日経レバ","1570 東証(SOR)","信用返済","売埋","特定","通常注文","-","-","-","一般(1日)","3","3","-","-","42,050.0","42,050.0","43,350.0","126,150","0"
"5706","","","約定","-","-","12/03 10:00:49","本日中","2025/12/03","ＮＦ日経レバ","1570 東証(SOR)","信用新規","買建","特定","通常注文","-","-","-","一般(1日)","3","3","-","-","42,030.0","42,030.0","43,350.0","126,090","0"
"5705","","","約定","市場執行済","-","12/03 09:59:45","本日中","2025/12/03","ＮＦ日経レバ","1570 東証(SOR)","信用返済","売埋","特定","通常注文","-","-","-","一般(1日)","3","3","-","-","42,080.0","42,080.0","43,350.0","126,240","0"
"5704","","","約定","-","-","12/03 09:59:15","本日中","2025/12/03","ＮＦ日経レバ","1570 東証(SOR)","信用新規","買建","特定","通常注文","-","-","-","一般(1日)","3","3","-","-","42,090.0","42,090.0","43,350.0","126,270","0"
"5703","","","約定","市場執行済","-","12/03 09:59:04","本日中","2025/12/03","ＮＦ日経レバ","1570 東証(SOR)","信用返済","買埋","特定","通常注文","-","-","-","制度(6ヶ月)","3","3","-","-","42,100.0","42,100.0","43,350.0","126,300","0"
"5702","","","約定","-","-","12/03 09:58:54","本日中","2025/12/03","ＮＦ日経レバ","1570 東証(SOR)","信用新規","売建","特定","通常注文","-","-","-","制度(6ヶ月)","3","3","-","-","42,110.0","42,110.0","43,350.0","126,330","0"
"5701","","","約定","市場執行済","-","12/03 09:58:27","本日中","2025/12/03","ＮＦ日経レバ","1570 東証(SOR)","信用返済","買埋","特定","通常注文","-","-","-","制度(6ヶ月)","3","3","-","-","42,100.0","42,100.0","43,350.0","126,300","0"
"5700","","","約定","-","-","12/03 09:57:56","本日中","2025/12/03","ＮＦ日経レバ","1570 東証(SOR)","信用新規","売建","特定","通常注文","-","-","-","制度(6ヶ月)","3","3","-","-","42,110.0","42,110.0","43,350.0","126,330","0"
"5699","","","約定","市場執行済","-","12/03 09:57:45","本日中","2025/12/03","ＮＦ日経レバ","1570 東証(SOR)","信用返済","売埋","特定","通常注文","-","-","-","一般(1日)","3","3","-","-","42,100.0","42,100.0","43,350.0","126,300","0"
"5698","","","約定","-","-","12/03 09:57:29","本日中","2025/12/03","ＮＦ日経レバ","1570 東証(SOR)","信用新規","買建","特定","通常注文","-","-","-","一般(1日)","3","3","-","-","42,090.0","42,090.0","43,350.0","126,270","0"
"5697","","","約定","市場執行済","-","12/03 09:56:39","本日中","2025/12/03","ＮＦ日経レバ","1570 東証(SOR)","信用返済","買埋","特定","通常注文","-","-","-","制度(6ヶ月)","3","3","-","-","42,100.0","42,100.0","43,350.0","126,300","0"
"5696","","","約定","-","-","12/03 09:56:30","本日中","2025/12/03","ＮＦ日経レバ","1570 東証(SOR)","信用新規","売建","特定","通常注文","-","-","-","制度(6ヶ月)","3","3","-","-","42,120.0","42,120.0","43,350.0","126,360","0"
"5695","","","取消済（出来無）","-","-","12/03 09:56:25","本日中","2025/12/03","ＮＦ日経レバ","1570 東証(SOR)","信用新規","買建","特定","通常注文","-","-","-","一般(1日)","3","0","-","-","42,080.0","-","43,350.0","0","0"
"5694","","","取消済（出来無）","-","-","12/03 09:56:07","本日中","2025/12/03","ＮＦ日経レバ","1570 東証(SOR)","信用新規","売建","特定","通常注文","-","-","-","制度(6ヶ月)","3","0","-","-","42,110.0","-","43,350.0","0","0"
"5693","","","約定","市場執行済","-","12/03 09:55:37","本日中","2025/12/03","ＮＦ日経レバ","1570 東証(SOR)","信用返済","売埋","特定","通常注文","-","-","-","一般(1日)","3","3","-","-","42,100.0","42,100.0","43,350.0","126,300","0"
"5692","","","約定","-","-","12/03 09:54:45","本日中","2025/12/03","ＮＦ日経レバ","1570 東証(SOR)","信用新規","買建","特定","通常注文","-","-","-","一般(1日)","3","3","-","-","42,120.0","42,120.0","43,350.0","126,360","0"
"5691","","","約定","市場執行済","-","12/03 09:53:47","本日中","2025/12/03","ＮＦ日経レバ","1570 東証(SOR)","信用返済","売埋","特定","通常注文","-","-","-","一般(1日)","3","3","-","-","42,110.0","42,110.0","43,350.0","126,330","0"
"5690","","","約定","-","-","12/03 09:53:33","本日中","2025/12/03","ＮＦ日経レバ","1570 東証(SOR)","信用新規","買建","特定","通常注文","-","-","-","一般(1日)","3","3","-","-","42,150.0","42,145.0","43,350.0","126,435","0"
"5689","","","約定","市場執行済","-","12/03 09:53:11","本日中","2025/12/03","ＮＦ日経レバ","1570 東証(SOR)","信用返済","買埋","特定","通常注文","-","-","-","制度(6ヶ月)","3","3","-","-","42,170.0","42,170.0","43,350.0","126,510","0"
"5688","","","約定","-","-","12/03 09:53:03","本日中","2025/12/03","ＮＦ日経レバ","1570 東証(SOR)","信用新規","売建","特定","通常注文","-","-","-","制度(6ヶ月)","3","3","-","-","42,180.0","42,190.0","43,350.0","126,570","0"
"5687","","","約定","市場執行済","-","12/03 09:52:11","本日中","2025/12/03","ＮＦ日経レバ","1570 東証(SOR)","信用返済","売埋","特定","通常注文","-","-","-","一般(1日)","3","3","-","-","42,150.0","42,150.0","43,350.0","126,450","0"
"5686","","","約定","-","-","12/03 09:51:54","本日中","2025/12/03","ＮＦ日経レバ","1570 東証(SOR)","信用新規","買建","特定","通常注文","-","-","-","一般(1日)","3","3","-","-","42,140.0","42,140.0","43,350.0","126,420","0"
"5685","","","約定","市場執行済","-","12/03 09:51:23","本日中","2025/12/03","ＮＦ日経レバ","1570 東証(SOR)","信用返済","買埋","特定","通常注文","-","-","-","制度(6ヶ月)","3","3","-","-","42,160.0","42,160.0","43,350.0","126,480","0"
"5684","","","約定","-","-","12/03 09:51:16","本日中","2025/12/03","ＮＦ日経レバ","1570 東証(SOR)","信用新規","売建","特定","通常注文","-","-","-","制度(6ヶ月)","3","3","-","-","42,180.0","42,180.0","43,350.0","126,540","0"
"5683","","","取消済（出来無）","-","-","12/03 09:50:55","本日中","2025/12/03","ＮＦ日経レバ","1570 東証(SOR)","信用新規","買建","特定","通常注文","-","-","-","一般(1日)","3","0","-","-","42,160.0","-","43,350.0","0","0"
"5682","","","取消済（出来無）","-","-","12/03 09:50:44","本日中","2025/12/03","ＮＦ日経レバ","1570 東証(SOR)","信用新規","売建","特定","通常注文","-","-","-","制度(6ヶ月)","3","0","-","-","42,180.0","-","43,350.0","0","0"
"5681","","","約定","市場執行済","-","12/03 09:49:53","本日中","2025/12/03","ＮＦ日経レバ","1570 東証(SOR)","信用返済","売埋","特定","通常注文","-","-","-","一般(1日)","3","3","-","-","42,170.0","42,170.0","43,350.0","126,510","0"
"5680","","","約定","-","-","12/03 09:49:23","本日中","2025/12/03","ＮＦ日経レバ","1570 東証(SOR)","信用新規","買建","特定","通常注文","-","-","-","一般(1日)","3","3","-","-","42,160.0","42,160.0","43,350.0","126,480","0"
"5679","","","約定","市場執行済","-","12/03 09:49:10","本日中","2025/12/03","ＮＦ日経レバ","1570 東証(SOR)","信用返済","買埋","特定","通常注文","-","-","-","制度(6ヶ月)","3","3","-","-","42,180.0","42,170.0","43,350.0","126,510","0"
"5678","","","約定","-","-","12/03 09:48:56","本日中","2025/12/03","ＮＦ日経レバ","1570 東証(SOR)","信用新規","売建","特定","通常注文","-","-","-","制度(6ヶ月)","3","3","-","-","42,180.0","42,180.0","43,350.0","126,540","0"
"5677","","","約定","市場執行済","-","12/03 09:48:15","本日中","2025/12/03","ＮＦ日経レバ","1570 東証(SOR)","信用返済","売埋","特定","通常注文","-","-","-","一般(1日)","3","3","-","-","42,170.0","42,170.0","43,350.0","126,510","0"
"5676","","","約定","-","-","12/03 09:47:56","本日中","2025/12/03","ＮＦ日経レバ","1570 東証(SOR)","信用新規","買建","特定","通常注文","-","-","-","一般(1日)","3","3","-","-","42,160.0","42,160.0","43,350.0","126,480","0"
"5675","","","約定","市場執行済","-","12/03 09:47:43","本日中","2025/12/03","ＮＦ日経レバ","1570 東証(SOR)","信用返済","買埋","特定","通常注文","-","-","-","制度(6ヶ月)","3","3","-","-","42,170.0","42,170.0","43,350.0","126,510","0"
"5674","","","約定","-","-","12/03 09:46:52","本日中","2025/12/03","ＮＦ日経レバ","1570 東証(SOR)","信用新規","売建","特定","通常注文","-","-","-","制度(6ヶ月)","3","3","-","-","42,180.0","42,180.0","43,350.0","126,540","0"
"5673","","","取消済（出来無）","-","-","12/03 09:46:43","本日中","2025/12/03","ＮＦ日経レバ","1570 東証(SOR)","信用新規","買建","特定","通常注文","-","-","-","一般(1日)","3","0","-","-","42,150.0","-","43,350.0","0","0"
"5672","","","約定","市場執行済","-","12/03 09:44:30","本日中","2025/12/03","ＮＦ日経レバ","1570 東証(SOR)","信用返済","売埋","特定","通常注文","-","-","-","一般(1日)","3","3","-","-","42,140.0","42,140.0","43,350.0","126,420","0"
"5671","","","約定","-","-","12/03 09:44:02","本日中","2025/12/03","ＮＦ日経レバ","1570 東証(SOR)","信用新規","買建","特定","通常注文","-","-","-","一般(1日)","3","3","-","-","42,160.0","42,150.0","43,350.0","126,450","0"
"5670","","","約定","市場執行済","-","12/03 09:42:35","本日中","2025/12/03","ＮＦ日経レバ","1570 東証(SOR)","信用返済","買埋","特定","通常注文","-","-","-","制度(6ヶ月)","3","3","-","-","42,180.0","42,180.0","43,350.0","126,540","0"
"5669","","","約定","-","-","12/03 09:42:20","本日中","2025/12/03","ＮＦ日経レバ","1570 東証(SOR)","信用新規","売建","特定","通常注文","-","-","-","制度(6ヶ月)","3","3","-","-","42,190.0","42,200.0","43,350.0","126,600","0"
"5668","","","約定","市場執行済","-","12/03 09:42:07","本日中","2025/12/03","ＮＦ日経レバ","1570 東証(SOR)","信用返済","売埋","特定","通常注文","-","-","-","一般(1日)","3","3","-","-","42,170.0","42,170.0","43,350.0","126,510","0"
"5667","","","約定","-","-","12/03 09:41:51","本日中","2025/12/03","ＮＦ日経レバ","1570 東証(SOR)","信用新規","買建","特定","通常注文","-","-","-","一般(1日)","3","3","-","-","42,140.0","42,140.0","43,350.0","126,420","0"
"5666","","","取消済（出来無）","-","-","12/03 09:41:37","本日中","2025/12/03","ＮＦ日経レバ","1570 東証(SOR)","信用新規","売建","特定","通常注文","-","-","-","制度(6ヶ月)","3","0","-","-","42,170.0","-","43,350.0","0","0"
"5665","","","約定","市場執行済","-","12/03 09:41:23","本日中","2025/12/03","ＮＦ日経レバ","1570 東証(SOR)","信用返済","売埋","特定","通常注文","-","-","-","一般(1日)","3","3","-","-","42,170.0","42,170.0","43,350.0","126,510","0"
"5664","","","約定","-","-","12/03 09:40:55","本日中","2025/12/03","ＮＦ日経レバ","1570 東証(SOR)","信用新規","買建","特定","通常注文","-","-","-","一般(1日)","3","3","-","-","42,150.0","42,150.0","43,350.0","126,450","0"
"5663","","","約定","市場執行済","-","12/03 09:39:48","本日中","2025/12/03","ＮＦ日経レバ","1570 東証(SOR)","信用返済","売埋","特定","通常注文","-","-","-","一般(1日)","3","3","-","-","42,110.0","42,120.0","43,350.0","126,360","0"
"5662","","","約定","-","-","12/03 09:39:40","本日中","2025/12/03","ＮＦ日経レバ","1570 東証(SOR)","信用新規","買建","特定","通常注文","-","-","-","一般(1日)","3","3","-","-","42,160.0","42,160.0","43,350.0","126,480","0"
"5661","","","約定","市場執行済","-","12/03 09:37:29","本日中","2025/12/03","ＮＦ日経レバ","1570 東証(SOR)","信用返済","買埋","特定","通常注文","-","-","-","制度(6ヶ月)","3","3","-","-","42,140.0","42,140.0","43,350.0","126,420","0"
"5660","","","約定","-","-","12/03 09:36:55","本日中","2025/12/03","ＮＦ日経レバ","1570 東証(SOR)","信用新規","売建","特定","通常注文","-","-","-","制度(6ヶ月)","3","3","-","-","42,100.0","42,100.0","43,350.0","126,300","0"
"5659","","","取消済（出来無）","-","-","12/03 09:36:46","本日中","2025/12/03","ＮＦ日経レバ","1570 東証(SOR)","信用新規","買建","特定","通常注文","-","-","-","一般(1日)","3","0","-","-","42,060.0","-","43,350.0","0","0"
"5658","","","約定","市場執行済","-","12/03 09:35:59","本日中","2025/12/03","ＮＦ日経レバ","1570 東証(SOR)","信用返済","買埋","特定","通常注文","-","-","-","制度(6ヶ月)","3","3","-","-","42,070.0","42,070.0","43,350.0","126,210","0"
"5657","","","約定","-","-","12/03 09:35:47","本日中","2025/12/03","ＮＦ日経レバ","1570 東証(SOR)","信用新規","売建","特定","通常注文","-","-","-","制度(6ヶ月)","3","3","-","-","42,080.0","42,090.0","43,350.0","126,270","0"
"5656","","","約定","市場執行済","-","12/03 09:35:34","本日中","2025/12/03","ＮＦ日経レバ","1570 東証(SOR)","信用返済","売埋","特定","通常注文","-","-","-","一般(1日)","3","3","-","-","42,070.0","42,070.0","43,350.0","126,210","0"
"5655","","","約定","-","-","12/03 09:35:18","本日中","2025/12/03","ＮＦ日経レバ","1570 東証(SOR)","信用新規","買建","特定","通常注文","-","-","-","一般(1日)","3","3","-","-","42,050.0","42,050.0","43,350.0","126,150","0"
"5654","","","約定","市場執行済","-","12/03 09:35:04","本日中","2025/12/03","ＮＦ日経レバ","1570 東証(SOR)","信用返済","売埋","特定","通常注文","-","-","-","一般(1日)","3","3","-","-","42,070.0","42,070.0","43,350.0","126,210","0"
"5653","","","約定","-","-","12/03 09:34:34","本日中","2025/12/03","ＮＦ日経レバ","1570 東証(SOR)","信用新規","買建","特定","通常注文","-","-","-","一般(1日)","3","3","-","-","42,060.0","42,060.0","43,350.0","126,180","0"
"5652","","","約定","市場執行済","-","12/03 09:34:01","本日中","2025/12/03","ＮＦ日経レバ","1570 東証(SOR)","信用返済","売埋","特定","通常注文","-","-","-","一般(1日)","3","3","-","-","42,030.0","42,030.0","43,350.0","126,090","0"
"5651","","","約定","-","-","12/03 09:32:57","本日中","2025/12/03","ＮＦ日経レバ","1570 東証(SOR)","信用新規","買建","特定","通常注文","-","-","-","一般(1日)","3","3","-","-","41,990.0","41,990.0","43,350.0","125,970","0"
"5650","","","約定","市場執行済","-","12/03 09:32:42","本日中","2025/12/03","ＮＦ日経レバ","1570 東証(SOR)","信用返済","売埋","特定","通常注文","-","-","-","一般(1日)","3","3","-","-","41,990.0","41,990.0","43,350.0","125,970","0"
"5649","","","約定","-","-","12/03 09:31:44","本日中","2025/12/03","ＮＦ日経レバ","1570 東証(SOR)","信用新規","買建","特定","通常注文","-","-","-","一般(1日)","3","3","-","-","42,050.0","42,045.0","43,350.0","126,135","0"
"5648","","","約定","市場執行済","-","12/03 09:30:54","本日中","2025/12/03","ＮＦ日経レバ","1570 東証(SOR)","信用返済","売埋","特定","通常注文","-","-","-","一般(1日)","3","3","-","-","42,030.0","42,050.0","43,350.0","126,150","0"
"5647","","","約定","-","-","12/03 09:30:26","本日中","2025/12/03","ＮＦ日経レバ","1570 東証(SOR)","信用新規","買建","特定","通常注文","-","-","-","一般(1日)","3","3","-","-","42,010.0","42,010.0","43,350.0","126,030","0"
"5646","","","約定","市場執行済","-","12/03 09:29:23","本日中","2025/12/03","ＮＦ日経レバ","1570 東証(SOR)","信用返済","買埋","特定","通常注文","-","-","-","制度(6ヶ月)","3","3","-","-","42,010.0","42,010.0","43,350.0","126,030","0"
"5645","","","約定","-","-","12/03 09:28:44","本日中","2025/12/03","ＮＦ日経レバ","1570 東証(SOR)","信用新規","売建","特定","通常注文","-","-","-","制度(6ヶ月)","3","3","-","-","42,010.0","42,010.0","43,350.0","126,030","0"
"5644","","","約定","市場執行済","-","12/03 09:28:39","本日中","2025/12/03","ＮＦ日経レバ","1570 東証(SOR)","信用返済","売埋","特定","通常注文","-","-","-","一般(1日)","3","3","-","-","41,990.0","41,990.0","43,350.0","125,970","0"
"5643","","","約定","-","-","12/03 09:27:19","本日中","2025/12/03","ＮＦ日経レバ","1570 東証(SOR)","信用新規","買建","特定","通常注文","-","-","-","一般(1日)","3","3","-","-","42,030.0","42,030.0","43,350.0","126,090","0"
"5642","","","約定","市場執行済","-","12/03 09:27:14","本日中","2025/12/03","ＮＦ日経レバ","1570 東証(SOR)","信用返済","買埋","特定","通常注文","-","-","-","制度(6ヶ月)","3","3","-","-","42,050.0","42,040.0","43,350.0","126,120","0"
"5641","","","約定","-","-","12/03 09:26:51","本日中","2025/12/03","ＮＦ日経レバ","1570 東証(SOR)","信用新規","売建","特定","通常注文","-","-","-","制度(6ヶ月)","3","3","-","-","42,010.0","42,010.0","43,350.0","126,030","0"
"5640","","","約定","市場執行済","-","12/03 09:26:39","本日中","2025/12/03","ＮＦ日経レバ","1570 東証(SOR)","信用返済","売埋","特定","通常注文","-","-","-","一般(1日)","3","3","-","-","42,000.0","42,000.0","43,350.0","126,000","0"
"5639","","","約定","-","-","12/03 09:25:59","本日中","2025/12/03","ＮＦ日経レバ","1570 東証(SOR)","信用新規","買建","特定","通常注文","-","-","-","一般(1日)","3","3","-","-","42,030.0","42,025.0","43,350.0","126,075","0"
"5638","","","約定","市場執行済","-","12/03 09:25:48","本日中","2025/12/03","ＮＦ日経レバ","1570 東証(SOR)","信用返済","売埋","特定","通常注文","-","-","-","一般(1日)","3","3","-","-","42,010.0","42,015.0","43,350.0","126,045","0"
"5637","","","約定","市場執行済","-","12/03 09:25:47","本日中","2025/12/03","ＮＦ日経レバ","1570 東証(SOR)","信用返済","売埋","特定","通常注文","-","-","-","一般(1日)","3","3","-","-","42,010.0","42,020.0","43,350.0","126,060","0"
"5636","","","取消済（出来無）","市場執行済","-","12/03 09:23:26","本日中","2025/12/03","ＮＦ日経レバ","1570 東証(SOR)","信用返済","売埋","特定","通常注文","-","-","-","一般(1日)","3","0","-","-","42,120.0","-","43,350.0","0","0"
"5635","","","取消済（出来無）","市場執行済","-","12/03 09:23:24","本日中","2025/12/03","ＮＦ日経レバ","1570 東証(SOR)","信用返済","売埋","特定","通常注文","-","-","-","一般(1日)","3","0","-","-","42,120.0","-","43,350.0","0","0"
"5634","","","約定","-","-","12/03 09:23:03","本日中","2025/12/03","ＮＦ日経レバ","1570 東証(SOR)","信用新規","買建","特定","通常注文","-","-","-","一般(1日)","3","3","-","-","42,120.0","42,120.0","43,350.0","126,360","0"
"5633","","","-","取消済","-","12/03 09:22:56","-","-","ＮＦ日経レバ","1570 東証(SOR)","信用返済","売埋","特定","逆指値注文","-","市場価格が41,930円以下なら成行で執行(本日中)","-","一般(1日)","3","0","-","-","-","-","43,350.0","0","0"
"5632","","","約定","-","-","12/03 09:22:53","本日中","2025/12/03","ＮＦ日経レバ","1570 東証(SOR)","信用新規","買建","特定","通常注文","-","-","-","一般(1日)","3","3","-","-","42,050.0","42,040.0","43,350.0","126,120","0"
"5631","","","約定","市場執行済","-","12/03 09:22:39","本日中","2025/12/03","ＮＦ日経レバ","1570 東証(SOR)","信用返済","売埋","特定","通常注文","-","-","-","一般(1日)","3","3","-","-","成行","42,045.0","43,350.0","126,135","0"
"5630","","","取消済（出来無）","市場執行済","-","12/03 09:21:01","本日中","2025/12/03","ＮＦ日経レバ","1570 東証(SOR)","信用返済","売埋","特定","通常注文","-","-","-","一般(1日)","3","0","-","-","42,220.0","-","43,350.0","0","0"
"5629","","","約定","-","-","12/03 09:20:36","本日中","2025/12/03","ＮＦ日経レバ","1570 東証(SOR)","信用新規","買建","特定","通常注文","-","-","-","一般(1日)","3","3","-","-","42,210.0","42,205.0","43,350.0","126,615","0"
"5628","","","約定","市場執行済","-","12/03 09:20:11","本日中","2025/12/03","ＮＦ日経レバ","1570 東証(SOR)","信用返済","売埋","特定","通常注文","-","-","-","一般(1日)","3","3","-","-","42,240.0","42,240.0","43,350.0","126,720","0"
"5627","","","約定","-","-","12/03 09:19:55","本日中","2025/12/03","ＮＦ日経レバ","1570 東証(SOR)","信用新規","買建","特定","通常注文","-","-","-","一般(1日)","3","3","-","-","42,220.0","42,220.0","43,350.0","126,660","0"
"5626","","","約定","市場執行済","-","12/03 09:19:40","本日中","2025/12/03","ＮＦ日経レバ","1570 東証(SOR)","信用返済","売埋","特定","通常注文","-","-","-","一般(1日)","3","3","-","-","42,240.0","42,240.0","43,350.0","126,720","0"
"5625","","","約定","-","-","12/03 09:19:26","本日中","2025/12/03","ＮＦ日経レバ","1570 東証(SOR)","信用新規","買建","特定","通常注文","-","-","-","一般(1日)","3","3","-","-","42,210.0","42,210.0","43,350.0","126,630","0"
"5624","","","約定","市場執行済","-","12/03 09:18:50","本日中","2025/12/03","ＮＦ日経レバ","1570 東証(SOR)","信用返済","買埋","特定","通常注文","-","-","-","制度(6ヶ月)","3","3","-","-","42,210.0","42,210.0","43,350.0","126,630","0"
"5623","","","-","取消済","-","12/03 09:18:36","-","-","ＮＦ日経レバ","1570 東証(SOR)","信用返済","買埋","特定","逆指値注文","-","市場価格が42,310円以上なら成行で執行(本日中)","-","制度(6ヶ月)","3","0","-","-","-","-","43,350.0","0","0"
"5622","","","約定","-","-","12/03 09:18:30","本日中","2025/12/03","ＮＦ日経レバ","1570 東証(SOR)","信用新規","売建","特定","通常注文","-","-","-","制度(6ヶ月)","3","3","-","-","42,190.0","42,190.0","43,350.0","126,570","0"
"5621","","","約定","市場執行済","-","12/03 09:18:19","本日中","2025/12/03","ＮＦ日経レバ","1570 東証(SOR)","信用返済","売埋","特定","通常注文","-","-","-","一般(1日)","3","3","-","-","42,160.0","42,160.0","43,350.0","126,480","0"
"5620","","","約定","-","-","12/03 09:17:03","本日中","2025/12/03","ＮＦ日経レバ","1570 東証(SOR)","信用新規","買建","特定","通常注文","-","-","-","一般(1日)","3","3","-","-","42,210.0","42,210.0","43,350.0","126,630","0"
"5619","","","約定","市場執行済","-","12/03 09:16:27","本日中","2025/12/03","ＮＦ日経レバ","1570 東証(SOR)","信用返済","買埋","特定","通常注文","-","-","-","制度(6ヶ月)","3","3","-","-","42,220.0","42,220.0","43,350.0","126,660","0"
"5618","","","約定","-","-","12/03 09:16:08","本日中","2025/12/03","ＮＦ日経レバ","1570 東証(SOR)","信用新規","売建","特定","通常注文","-","-","-","制度(6ヶ月)","3","3","-","-","42,130.0","42,140.0","43,350.0","126,420","0"
"5617","","","約定","市場執行済","-","12/03 09:15:50","本日中","2025/12/03","ＮＦ日経レバ","1570 東証(SOR)","信用返済","買埋","特定","通常注文","-","-","-","制度(6ヶ月)","3","3","-","-","42,100.0","42,100.0","43,350.0","126,300","0"
"5616","","","約定","-","-","12/03 09:15:37","本日中","2025/12/03","ＮＦ日経レバ","1570 東証(SOR)","信用新規","売建","特定","通常注文","-","-","-","制度(6ヶ月)","3","3","-","-","42,120.0","42,120.0","43,350.0","126,360","0"
"5615","","","約定","市場執行済","-","12/03 09:15:24","本日中","2025/12/03","ＮＦ日経レバ","1570 東証(SOR)","信用返済","売埋","特定","通常注文","-","-","-","一般(1日)","3","3","-","-","42,090.0","42,090.0","43,350.0","126,270","0"
"5614","","","約定","-","-","12/03 09:15:06","本日中","2025/12/03","ＮＦ日経レバ","1570 東証(SOR)","信用新規","買建","特定","通常注文","-","-","-","一般(1日)","3","3","-","-","42,070.0","42,070.0","43,350.0","126,210","0"
"5613","","","約定","市場執行済","-","12/03 09:14:45","本日中","2025/12/03","ＮＦ日経レバ","1570 東証(SOR)","信用返済","買埋","特定","通常注文","-","-","-","制度(6ヶ月)","3","3","-","-","42,110.0","42,110.0","43,350.0","126,330","0"
"5612","","","約定","-","-","12/03 09:14:24","本日中","2025/12/03","ＮＦ日経レバ","1570 東証(SOR)","信用新規","売建","特定","通常注文","-","-","-","制度(6ヶ月)","3","3","-","-","42,130.0","42,130.0","43,350.0","126,390","0"
"5611","","","約定","市場執行済","-","12/03 09:11:11","本日中","2025/12/03","ＮＦ日経レバ","1570 東証(SOR)","信用返済","売埋","特定","通常注文","-","-","-","一般(1日)","3","3","-","-","42,060.0","42,060.0","43,350.0","126,180","0"
"5610","","","約定","-","-","12/03 09:11:02","本日中","2025/12/03","ＮＦ日経レバ","1570 東証(SOR)","信用新規","買建","特定","通常注文","-","-","-","一般(1日)","3","3","-","-","42,030.0","42,030.0","43,350.0","126,090","0"
"5609","","","約定","市場執行済","-","12/03 09:10:48","本日中","2025/12/03","ＮＦ日経レバ","1570 東証(SOR)","信用返済","売埋","特定","通常注文","-","-","-","一般(1日)","3","3","-","-","42,070.0","42,070.0","43,350.0","126,210","0"
"5608","","","約定","-","-","12/03 09:09:52","本日中","2025/12/03","ＮＦ日経レバ","1570 東証(SOR)","信用新規","買建","特定","通常注文","-","-","-","一般(1日)","3","3","-","-","42,050.0","42,050.0","43,350.0","126,150","0"
"5607","","","約定","市場執行済","-","12/03 09:09:30","本日中","2025/12/03","ＮＦ日経レバ","1570 東証(SOR)","信用返済","売埋","特定","通常注文","-","-","-","一般(1日)","3","3","-","-","42,120.0","42,120.0","43,350.0","126,360","0"
"5606","","","-","取消済","-","12/03 09:08:43","-","-","ＮＦ日経レバ","1570 東証(SOR)","信用返済","売埋","特定","逆指値注文","-","市場価格が42,000円以下なら成行で執行(本日中)","-","一般(1日)","3","0","-","-","-","-","43,350.0","0","0"
"5605","","","約定","-","-","12/03 09:08:37","本日中","2025/12/03","ＮＦ日経レバ","1570 東証(SOR)","信用新規","買建","特定","通常注文","-","-","-","一般(1日)","3","3","-","-","42,150.0","42,150.0","43,350.0","126,450","0"
"5604","","","約定","市場執行済","-","12/03 09:07:07","本日中","2025/12/03","ＮＦ日経レバ","1570 東証(SOR)","信用返済","売埋","特定","通常注文","-","-","-","一般(1日)","3","3","-","-","成行","42,050.0","43,350.0","126,150","0"
"5603","","","取消済（出来無）","市場執行済","-","12/03 09:06:46","本日中","2025/12/03","ＮＦ日経レバ","1570 東証(SOR)","信用返済","売埋","特定","通常注文","-","-","-","一般(1日)","3","0","-","-","42,180.0","-","43,350.0","0","0"
"5602","","","約定","-","-","12/03 09:06:23","本日中","2025/12/03","ＮＦ日経レバ","1570 東証(SOR)","信用新規","買建","特定","通常注文","-","-","-","一般(1日)","3","3","-","-","42,150.0","42,150.0","43,350.0","126,450","0"
"5601","","","約定","市場執行済","-","12/03 09:05:58","本日中","2025/12/03","ＮＦ日経レバ","1570 東証(SOR)","信用返済","売埋","特定","通常注文","-","-","-","一般(1日)","3","3","-","-","42,160.0","42,160.0","43,350.0","126,480","0"
"5600","","","約定","-","-","12/03 09:04:32","本日中","2025/12/03","ＮＦ日経レバ","1570 東証(SOR)","信用新規","買建","特定","通常注文","-","-","-","一般(1日)","3","3","-","-","42,210.0","42,210.0","43,350.0","126,630","0"
"5599","","","約定","市場執行済","-","12/03 09:02:40","本日中","2025/12/03","ＮＦ日経レバ","1570 東証(SOR)","信用返済","売埋","特定","通常注文","-","-","-","一般(1日)","3","3","-","-","42,230.0","42,230.0","43,350.0","126,690","0"
"5598","","","約定","市場執行済","-","12/03 09:02:39","本日中","2025/12/03","ＮＦ日経レバ","1570 東証(SOR)","信用返済","売埋","特定","通常注文","-","-","-","一般(1日)","3","3","-","-","42,230.0","42,230.0","43,350.0","126,690","0"
"5597","","","約定","市場執行済","-","12/03 09:02:38","本日中","2025/12/03","ＮＦ日経レバ","1570 東証(SOR)","信用返済","売埋","特定","通常注文","-","-","-","一般(1日)","3","3","-","-","42,230.0","42,230.0","43,350.0","126,690","0"
"5596","","","約定","-","-","12/03 09:01:38","本日中","2025/12/03","ＮＦ日経レバ","1570 東証(SOR)","信用新規","買建","特定","通常注文","-","-","-","一般(1日)","3","3","-","-","42,180.0","42,180.0","43,350.0","126,540","0"
"5595","","","-","取消済","-","12/03 09:01:30","-","-","ＮＦ日経レバ","1570 東証(SOR)","信用返済","売埋","特定","逆指値注文","-","市場価格が42,030円以下なら成行で執行(本日中)","-","一般(1日)","3","0","-","-","-","-","43,350.0","0","0"
"5594","","","-","取消済","-","12/03 09:01:29","-","-","ＮＦ日経レバ","1570 東証(SOR)","信用返済","売埋","特定","逆指値注文","-","市場価格が42,000円以下なら成行で執行(本日中)","-","一般(1日)","3","0","-","-","-","-","43,350.0","0","0"
"5593","","","約定","-","-","12/03 09:01:28","本日中","2025/12/03","ＮＦ日経レバ","1570 東証(SOR)","信用新規","買建","特定","通常注文","-","-","-","一般(1日)","3","3","-","-","42,150.0","42,140.0","43,350.0","126,420","0"
"5592","","","-","取消済","-","12/03 09:01:16","-","-","ＮＦ日経レバ","1570 東証(SOR)","信用返済","売埋","特定","逆指値注文","-","市場価格が42,000円以下なら成行で執行(本日中)","-","一般(1日)","3","0","-","-","-","-","43,350.0","0","0"
"5591","","","約定","-","-","12/03 09:01:13","本日中","2025/12/03","ＮＦ日経レバ","1570 東証(SOR)","信用新規","買建","特定","通常注文","-","-","-","一般(1日)","3","3","-","-","42,120.0","42,110.0","43,350.0","126,330","0"
"5590","","","約定","-","-","12/02 15:23:46","本日中","2025/12/02","ＮＦ日経レバ","1570 東証(SOR)","信用返済","売埋","特定","通常注文","-","-","-","一般(1日)","12","12","-","-","41,420.0","41,420.0","43,350.0","497,040","0"
"5589","","","約定","-","-","12/02 15:19:28","本日中","2025/12/02","ＮＦ日経レバ","1570 東証(SOR)","信用新規","買建","特定","通常注文","-","-","-","一般(1日)","12","12","-","-","41,410.0","41,405.0","43,350.0","496,860","0"
"5588","","","約定","-","-","12/02 15:18:36","本日中","2025/12/02","ＮＦ日経レバ","1570 東証(SOR)","信用返済","売埋","特定","通常注文","-","-","-","一般(1日)","4","4","-","-","41,430.0","41,430.0","43,350.0","165,720","0"
"5587","","","約定","-","-","12/02 15:17:52","本日中","2025/12/02","ＮＦ日経レバ","1570 東証(SOR)","信用返済","売埋","特定","通常注文","-","-","-","制度(6ヶ月)","9","9","-","-","41,430.0","41,430.0","43,350.0","372,870","0"
"5586","","","約定","-","-","12/02 15:12:53","本日中","2025/12/02","ＮＦ日経レバ","1570 東証(SOR)","信用新規","買建","特定","通常注文","-","-","-","制度(6ヶ月)","8","8","-","-","41,440.0","41,440.0","43,350.0","331,520","0"
"5585","","","約定","-","-","12/02 13:40:06","本日中","2025/12/02","ＮＦ日経レバ","1570 東証(SOR)","信用新規","買建","特定","通常注文","-","-","-","制度(6ヶ月)","1","1","-","-","41,600.0","41,600.0","43,350.0","41,600","0"
"5584","","","約定","-","-","12/02 13:35:05","本日中","2025/12/02","ＮＦ日経レバ","1570 東証(SOR)","信用返済","売埋","特定","通常注文","-","-","-","制度(6ヶ月)","1","1","-","-","41,660.0","41,670.0","43,350.0","41,670","0"
"5583","","","取消済（出来無）","-","-","12/02 13:27:20","本日中","2025/12/02","ＮＦ日経レバ","1570 東証(SOR)","信用返済","売埋","特定","通常注文","-","-","-","制度(6ヶ月)","1","0","-","-","41,670.0","-","43,350.0","0","0"
"5582","","","約定","-","-","12/02 13:21:37","本日中","2025/12/02","ＮＦ日経レバ","1570 東証(SOR)","信用新規","買建","特定","通常注文","-","-","-","制度(6ヶ月)","1","1","-","-","41,630.0","41,630.0","43,350.0","41,630","0"
"5581","","","-","取消済","-","12/02 12:49:22","-","-","ＮＦ日経レバ","1570 東証(SOR)","信用返済","売埋","特定","逆指値注文","-","市場価格が41,590円以下なら成行で執行(本日中)","-","一般(1日)","1","0","-","-","-","-","43,350.0","0","0"
"5580","","","-","取消済","-","12/02 12:49:21","-","-","ＮＦ日経レバ","1570 東証(SOR)","信用返済","売埋","特定","逆指値注文","-","市場価格が41,580円以下なら成行で執行(本日中)","-","一般(1日)","1","0","-","-","-","-","43,350.0","0","0"
"5579","","","-","取消済","-","12/02 12:49:11","-","-","ＮＦ日経レバ","1570 東証(SOR)","信用返済","売埋","特定","逆指値注文","-","市場価格が41,570円以下なら成行で執行(本日中)","-","一般(1日)","1","0","-","-","-","-","43,350.0","0","0"
"5578","","","-","取消済","-","12/02 12:45:37","-","-","ＮＦ日経レバ","1570 東証(SOR)","信用返済","売埋","特定","逆指値注文","-","市場価格が41,590円以下なら成行で執行(本日中)","-","一般(1日)","1","0","-","-","-","-","43,350.0","0","0"
"5577","","","-","取消済","-","12/02 12:45:36","-","-","ＮＦ日経レバ","1570 東証(SOR)","信用返済","売埋","特定","逆指値注文","-","市場価格が41,590円以下なら成行で執行(本日中)","-","一般(1日)","1","0","-","-","-","-","43,350.0","0","0"
"5576","","","-","取消済","-","12/02 12:45:35","-","-","ＮＦ日経レバ","1570 東証(SOR)","信用返済","売埋","特定","逆指値注文","-","市場価格が41,560円以下なら成行で執行(本日中)","-","一般(1日)","1","0","-","-","-","-","43,350.0","0","0"
"5575","","","-","取消済","-","12/02 12:45:34","-","-","ＮＦ日経レバ","1570 東証(SOR)","信用返済","売埋","特定","逆指値注文","-","市場価格が41,550円以下なら成行で執行(本日中)","-","一般(1日)","1","0","-","-","-","-","43,350.0","0","0"
"5574","","","約定","-","-","12/02 12:44:31","本日中","2025/12/02","ＮＦ日経レバ","1570 東証(SOR)","信用新規","買建","特定","通常注文","-","-","-","一般(1日)","1","1","-","-","41,780.0","41,780.0","43,350.0","41,780","0"
"5573","","","約定","-","-","12/02 12:44:07","本日中","2025/12/02","ＮＦ日経レバ","1570 東証(SOR)","信用新規","買建","特定","通常注文","-","-","-","一般(1日)","1","1","-","-","41,760.0","41,760.0","43,350.0","41,760","0"
"5572","","","-","取消済","-","12/02 12:43:53","-","-","ＮＦ日経レバ","1570 東証(SOR)","信用返済","売埋","特定","逆指値注文","-","市場価格が41,560円以下なら成行で執行(本日中)","-","一般(1日)","1","0","-","-","-","-","43,350.0","0","0"
"5571","","","-","取消済","-","12/02 12:43:51","-","-","ＮＦ日経レバ","1570 東証(SOR)","信用返済","売埋","特定","逆指値注文","-","市場価格が41,550円以下なら成行で執行(本日中)","-","一般(1日)","1","0","-","-","-","-","43,350.0","0","0"
"5570","","","約定","-","-","12/02 12:43:50","本日中","2025/12/02","ＮＦ日経レバ","1570 東証(SOR)","信用新規","買建","特定","通常注文","-","-","-","一般(1日)","1","1","-","-","41,750.0","41,750.0","43,350.0","41,750","0"
"5569","","","-","取消済","-","12/02 12:43:41","-","-","ＮＦ日経レバ","1570 東証(SOR)","信用返済","売埋","特定","逆指値注文","-","市場価格が41,550円以下なら成行で執行(本日中)","-","一般(1日)","1","0","-","-","-","-","43,350.0","0","0"
"5568","","","約定","-","-","12/02 12:43:36","本日中","2025/12/02","ＮＦ日経レバ","1570 東証(SOR)","信用新規","買建","特定","通常注文","-","-","-","一般(1日)","1","1","-","-","41,750.0","41,740.0","43,350.0","41,740","0"
"5567","","","約定","市場執行済","-","12/02 12:43:30","本日中","2025/12/02","ＮＦ日経レバ","1570 東証(SOR)","信用返済","買埋","特定","通常注文","-","-","-","制度(6ヶ月)","1","1","-","-","41,730.0","41,730.0","43,350.0","41,730","0"
"5566","","","約定","-","-","12/02 12:42:22","本日中","2025/12/02","ＮＦ日経レバ","1570 東証(SOR)","信用新規","売建","特定","通常注文","-","-","-","制度(6ヶ月)","1","1","-","-","41,670.0","41,670.0","43,350.0","41,670","0"
"5565","","","約定","市場執行済","-","12/02 12:41:42","本日中","2025/12/02","ＮＦ日経レバ","1570 東証(SOR)","信用返済","売埋","特定","通常注文","-","-","-","一般(1日)","1","1","-","-","41,670.0","41,670.0","43,350.0","41,670","0"
"5564","","","約定","市場執行済","-","12/02 12:41:42","本日中","2025/12/02","ＮＦ日経レバ","1570 東証(SOR)","信用返済","売埋","特定","通常注文","-","-","-","一般(1日)","1","1","-","-","41,670.0","41,670.0","43,350.0","41,670","0"
"5563","","","約定","市場執行済","-","12/02 12:41:41","本日中","2025/12/02","ＮＦ日経レバ","1570 東証(SOR)","信用返済","売埋","特定","通常注文","-","-","-","一般(1日)","1","1","-","-","41,670.0","41,670.0","43,350.0","41,670","0"
"5562","","","約定","-","-","12/02 12:41:20","本日中","2025/12/02","ＮＦ日経レバ","1570 東証(SOR)","信用新規","買建","特定","通常注文","-","-","-","一般(1日)","1","1","-","-","41,660.0","41,660.0","43,350.0","41,660","0"
"5561","","","-","取消済","-","12/02 12:41:13","-","-","ＮＦ日経レバ","1570 東証(SOR)","信用返済","売埋","特定","逆指値注文","-","市場価格が41,450円以下なら成行で執行(本日中)","-","一般(1日)","1","0","-","-","-","-","43,350.0","0","0"
"5560","","","-","取消済","-","12/02 12:41:11","-","-","ＮＦ日経レバ","1570 東証(SOR)","信用返済","売埋","特定","逆指値注文","-","市場価格が41,420円以下なら成行で執行(本日中)","-","一般(1日)","1","0","-","-","-","-","43,350.0","0","0"
"5559","","","約定","-","-","12/02 12:41:09","本日中","2025/12/02","ＮＦ日経レバ","1570 東証(SOR)","信用新規","買建","特定","通常注文","-","-","-","一般(1日)","1","1","-","-","41,640.0","41,630.0","43,350.0","41,630","0"
"5558","","","-","取消済","-","12/02 12:40:52","-","-","ＮＦ日経レバ","1570 東証(SOR)","信用返済","売埋","特定","逆指値注文","-","市場価格が41,420円以下なら成行で執行(本日中)","-","一般(1日)","1","0","-","-","-","-","43,350.0","0","0"
"5557","","","約定","-","-","12/02 12:40:51","本日中","2025/12/02","ＮＦ日経レバ","1570 東証(SOR)","信用新規","買建","特定","通常注文","-","-","-","一般(1日)","1","1","-","-","41,610.0","41,610.0","43,350.0","41,610","0"
"5556","","","約定","市場執行済","-","12/02 12:40:38","本日中","2025/12/02","ＮＦ日経レバ","1570 東証(SOR)","信用返済","買埋","特定","通常注文","-","-","-","制度(6ヶ月)","1","1","-","-","成行","41,600.0","43,350.0","41,600","0"
"5555","","","約定","市場執行済","-","12/02 12:40:37","本日中","2025/12/02","ＮＦ日経レバ","1570 東証(SOR)","信用返済","売埋","特定","通常注文","-","-","-","一般(1日)","1","1","-","-","成行","41,590.0","43,350.0","41,590","0"
"5554","","","約定","-","-","12/02 12:39:50","本日中","2025/12/02","ＮＦ日経レバ","1570 東証(SOR)","信用新規","買建","特定","通常注文","-","-","-","一般(1日)","1","1","-","-","41,610.0","41,610.0","43,350.0","41,610","0"
"5553","","","-","取消済","-","12/02 12:39:49","-","-","ＮＦ日経レバ","1570 東証(SOR)","信用返済","買埋","特定","逆指値注文","-","市場価格が41,660円以上なら成行で執行(本日中)","-","制度(6ヶ月)","1","0","-","-","-","-","43,350.0","0","0"
"5552","","","取消済（出来無）","市場執行済","-","12/02 12:39:39","本日中","2025/12/02","ＮＦ日経レバ","1570 東証(SOR)","信用返済","買埋","特定","通常注文","-","-","-","制度(6ヶ月)","1","0","-","-","41,590.0","-","43,350.0","0","0"
"5551","","","約定","市場執行済","-","12/02 12:39:38","本日中","2025/12/02","ＮＦ日経レバ","1570 東証(SOR)","信用返済","買埋","特定","通常注文","-","-","-","制度(6ヶ月)","1","1","-","-","41,590.0","41,590.0","43,350.0","41,590","0"
"5550","","","約定","-","-","12/02 12:32:45","本日中","2025/12/02","ＮＦ日経レバ","1570 東証(SOR)","信用新規","売建","特定","通常注文","-","-","-","制度(6ヶ月)","1","1","-","-","41,450.0","41,450.0","43,350.0","41,450","0"
"5549","","","-","取消済","-","12/02 12:32:34","-","-","ＮＦ日経レバ","1570 東証(SOR)","信用返済","買埋","特定","逆指値注文","-","市場価格が41,660円以上なら成行で執行(本日中)","-","制度(6ヶ月)","1","0","-","-","-","-","43,350.0","0","0"
"5548","","","約定","-","-","12/02 12:32:32","本日中","2025/12/02","ＮＦ日経レバ","1570 東証(SOR)","信用新規","売建","特定","通常注文","-","-","-","制度(6ヶ月)","1","1","-","-","41,470.0","41,470.0","43,350.0","41,470","0"
"5547","","","約定","市場執行済","-","12/02 11:29:33","本日中","2025/12/02","ＮＦ日経レバ","1570 東証(SOR)","信用返済","買埋","特定","通常注文","-","-","-","制度(6ヶ月)","1","1","-","-","41,830.0","41,830.0","43,350.0","41,830","0"
"5546","","","約定","市場執行済","-","12/02 11:29:33","本日中","2025/12/02","ＮＦ日経レバ","1570 東証(SOR)","信用返済","買埋","特定","通常注文","-","-","-","制度(6ヶ月)","1","1","-","-","41,830.0","41,830.0","43,350.0","41,830","0"
"5545","","","約定","-","-","12/02 11:28:18","本日中","2025/12/02","ＮＦ日経レバ","1570 東証(SOR)","信用新規","売建","特定","通常注文","-","-","-","制度(6ヶ月)","1","1","-","-","41,790.0","41,800.0","43,350.0","41,800","0"
"5544","","","-","取消済","-","12/02 11:28:10","-","-","ＮＦ日経レバ","1570 東証(SOR)","信用返済","買埋","特定","逆指値注文","-","市場価格が42,000円以上なら成行で執行(本日中)","-","制度(6ヶ月)","1","0","-","-","-","-","43,350.0","0","0"
"5543","","","約定","-","-","12/02 11:27:35","本日中","2025/12/02","ＮＦ日経レバ","1570 東証(SOR)","信用新規","売建","特定","通常注文","-","-","-","制度(6ヶ月)","1","1","-","-","41,810.0","41,810.0","43,350.0","41,810","0"
"5542","","","約定","市場執行済","-","12/02 11:27:07","本日中","2025/12/02","ＮＦ日経レバ","1570 東証(SOR)","信用返済","売埋","特定","通常注文","-","-","-","一般(1日)","1","1","-","-","41,810.0","41,810.0","43,350.0","41,810","0"
"5541","","","約定","-","-","12/02 11:24:22","本日中","2025/12/02","ＮＦ日経レバ","1570 東証(SOR)","信用新規","買建","特定","通常注文","-","-","-","一般(1日)","1","1","-","-","41,830.0","41,830.0","43,350.0","41,830","0"
"5540","","","約定","市場執行済","-","12/02 11:23:44","本日中","2025/12/02","ＮＦ日経レバ","1570 東証(SOR)","信用返済","売埋","特定","通常注文","-","-","-","一般(1日)","1","1","-","-","41,800.0","41,820.0","43,350.0","41,820","0"
"5539","","","約定","-","-","12/02 11:23:11","本日中","2025/12/02","ＮＦ日経レバ","1570 東証(SOR)","信用新規","買建","特定","通常注文","-","-","-","一般(1日)","1","1","-","-","41,860.0","41,860.0","43,350.0","41,860","0"
"5538","","","約定","市場執行済","-","12/02 11:23:03","本日中","2025/12/02","ＮＦ日経レバ","1570 東証(SOR)","信用返済","買埋","特定","通常注文","-","-","-","制度(6ヶ月)","1","1","-","-","41,850.0","41,850.0","43,350.0","41,850","0"
"5537","","","取消済（出来無）","-","-","12/02 11:22:33","本日中","2025/12/02","ＮＦ日経レバ","1570 東証(SOR)","信用新規","売建","特定","通常注文","-","-","-","制度(6ヶ月)","1","0","-","-","41,870.0","-","43,350.0","0","0"
"5536","","","-","取消済","-","12/02 11:22:04","-","-","ＮＦ日経レバ","1570 東証(SOR)","信用返済","買埋","特定","逆指値注文","-","市場価格が42,070円以上なら成行で執行(本日中)","-","制度(6ヶ月)","1","0","-","-","-","-","43,350.0","0","0"
"5535","","","約定","-","-","12/02 11:21:42","本日中","2025/12/02","ＮＦ日経レバ","1570 東証(SOR)","信用新規","売建","特定","通常注文","-","-","-","制度(6ヶ月)","1","1","-","-","41,880.0","41,880.0","43,350.0","41,880","0"
"5534","","","取消済（出来無）","-","-","12/02 11:21:13","本日中","2025/12/02","ＮＦ日経レバ","1570 東証(SOR)","信用新規","買建","特定","通常注文","-","-","-","一般(1日)","1","0","-","-","41,860.0","-","43,350.0","0","0"
"5533","","","約定","市場執行済","-","12/02 11:20:45","本日中","2025/12/02","ＮＦ日経レバ","1570 東証(SOR)","信用返済","買埋","特定","通常注文","-","-","-","制度(6ヶ月)","1","1","-","-","41,850.0","41,850.0","43,350.0","41,850","0"
"5532","","","約定","市場執行済","-","12/02 11:20:45","本日中","2025/12/02","ＮＦ日経レバ","1570 東証(SOR)","信用返済","買埋","特定","通常注文","-","-","-","制度(6ヶ月)","1","1","-","-","41,850.0","41,850.0","43,350.0","41,850","0"
"5531","","","-","取消済","-","12/02 11:20:05","-","-","ＮＦ日経レバ","1570 東証(SOR)","信用返済","買埋","特定","逆指値注文","-","市場価格が42,060円以上なら成行で執行(本日中)","-","制度(6ヶ月)","1","0","-","-","-","-","43,350.0","0","0"
"5530","","","-","取消済","-","12/02 11:20:04","-","-","ＮＦ日経レバ","1570 東証(SOR)","信用返済","買埋","特定","逆指値注文","-","市場価格が42,070円以上なら成行で執行(本日中)","-","制度(6ヶ月)","1","0","-","-","-","-","43,350.0","0","0"
"5529","","","約定","-","-","12/02 11:20:02","本日中","2025/12/02","ＮＦ日経レバ","1570 東証(SOR)","信用新規","売建","特定","通常注文","-","-","-","制度(6ヶ月)","1","1","-","-","41,870.0","41,870.0","43,350.0","41,870","0"
"5528","","","-","取消済","-","12/02 11:18:54","-","-","ＮＦ日経レバ","1570 東証(SOR)","信用返済","買埋","特定","逆指値注文","-","市場価格が42,070円以上なら成行で執行(本日中)","-","制度(6ヶ月)","1","0","-","-","-","-","43,350.0","0","0"
"5527","","","約定","-","-","12/02 11:18:52","本日中","2025/12/02","ＮＦ日経レバ","1570 東証(SOR)","信用新規","売建","特定","通常注文","-","-","-","制度(6ヶ月)","1","1","-","-","41,880.0","41,880.0","43,350.0","41,880","0"
"5526","","","約定","市場執行済","-","12/02 11:17:30","本日中","2025/12/02","ＮＦ日経レバ","1570 東証(SOR)","信用返済","売埋","特定","通常注文","-","-","-","一般(1日)","1","1","-","-","41,880.0","41,880.0","43,350.0","41,880","0"
"5525","","","約定","市場執行済","-","12/02 11:17:30","本日中","2025/12/02","ＮＦ日経レバ","1570 東証(SOR)","信用返済","売埋","特定","通常注文","-","-","-","一般(1日)","1","1","-","-","41,880.0","41,880.0","43,350.0","41,880","0"
"5524","","","約定","市場執行済","-","12/02 11:17:25","本日中","2025/12/02","ＮＦ日経レバ","1570 東証(SOR)","信用返済","売埋","特定","通常注文","-","-","-","一般(1日)","1","1","-","-","41,880.0","41,880.0","43,350.0","41,880","0"
"5523","","","約定","-","-","12/02 11:13:17","本日中","2025/12/02","ＮＦ日経レバ","1570 東証(SOR)","信用新規","買建","特定","通常注文","-","-","-","一般(1日)","1","1","-","-","41,890.0","41,890.0","43,350.0","41,890","0"
"5522","","","-","取消済","-","12/02 11:12:06","-","-","ＮＦ日経レバ","1570 東証(SOR)","信用返済","売埋","特定","逆指値注文","-","市場価格が41,700円以下なら成行で執行(本日中)","-","一般(1日)","1","0","-","-","-","-","43,350.0","0","0"
"5521","","","-","取消済","-","12/02 11:12:04","-","-","ＮＦ日経レバ","1570 東証(SOR)","信用返済","売埋","特定","逆指値注文","-","市場価格が41,680円以下なら成行で執行(本日中)","-","一般(1日)","1","0","-","-","-","-","43,350.0","0","0"
"5520","","","約定","-","-","12/02 11:12:03","本日中","2025/12/02","ＮＦ日経レバ","1570 東証(SOR)","信用新規","買建","特定","通常注文","-","-","-","一般(1日)","1","1","-","-","41,890.0","41,880.0","43,350.0","41,880","0"
"5519","","","-","取消済","-","12/02 11:09:18","-","-","ＮＦ日経レバ","1570 東証(SOR)","信用返済","売埋","特定","逆指値注文","-","市場価格が41,680円以下なら成行で執行(本日中)","-","一般(1日)","1","0","-","-","-","-","43,350.0","0","0"
"5518","","","約定","-","-","12/02 11:09:15","本日中","2025/12/02","ＮＦ日経レバ","1570 東証(SOR)","信用新規","買建","特定","通常注文","-","-","-","一般(1日)","1","1","-","-","41,870.0","41,870.0","43,350.0","41,870","0"
"5517","","","取消済（出来無）","-","-","12/02 11:08:47","本日中","2025/12/02","ＮＦ日経レバ","1570 東証(SOR)","信用新規","売建","特定","通常注文","-","-","-","制度(6ヶ月)","1","0","-","-","41,910.0","-","43,350.0","0","0"
"5516","","","約定","市場執行済","-","12/02 11:08:40","本日中","2025/12/02","ＮＦ日経レバ","1570 東証(SOR)","信用返済","買埋","特定","通常注文","-","-","-","制度(6ヶ月)","1","1","-","-","41,910.0","41,900.0","43,350.0","41,900","0"
"5515","","","約定","-","-","12/02 11:07:52","本日中","2025/12/02","ＮＦ日経レバ","1570 東証(SOR)","信用新規","売建","特定","通常注文","-","-","-","制度(6ヶ月)","1","1","-","-","41,880.0","41,880.0","43,350.0","41,880","0"
"5514","","","約定","市場執行済","-","12/02 11:07:45","本日中","2025/12/02","ＮＦ日経レバ","1570 東証(SOR)","信用返済","売埋","特定","通常注文","-","-","-","一般(1日)","1","1","-","-","41,860.0","41,860.0","43,350.0","41,860","0"
"5513","","","約定","-","-","12/02 11:06:42","本日中","2025/12/02","ＮＦ日経レバ","1570 東証(SOR)","信用新規","買建","特定","通常注文","-","-","-","一般(1日)","1","1","-","-","41,890.0","41,890.0","43,350.0","41,890","0"
"5512","","","取消済（出来無）","-","-","12/02 11:06:32","本日中","2025/12/02","ＮＦ日経レバ","1570 東証(SOR)","信用新規","売建","特定","通常注文","-","-","-","制度(6ヶ月)","1","0","-","-","41,920.0","-","43,350.0","0","0"
"5511","","","約定","市場執行済","-","12/02 11:06:07","本日中","2025/12/02","ＮＦ日経レバ","1570 東証(SOR)","信用返済","買埋","特定","通常注文","-","-","-","制度(6ヶ月)","1","1","-","-","41,920.0","41,920.0","43,350.0","41,920","0"
"5510","","","約定","-","-","12/02 11:05:52","本日中","2025/12/02","ＮＦ日経レバ","1570 東証(SOR)","信用新規","売建","特定","通常注文","-","-","-","制度(6ヶ月)","1","1","-","-","41,910.0","41,910.0","43,350.0","41,910","0"
"5509","","","取消済（出来無）","-","-","12/02 11:05:28","本日中","2025/12/02","ＮＦ日経レバ","1570 東証(SOR)","信用新規","買建","特定","通常注文","-","-","-","一般(1日)","1","0","-","-","41,890.0","-","43,350.0","0","0"
"5508","","","約定","-","-","12/02 11:03:19","本日中","2025/12/02","ＮＦ日経レバ","1570 東証(SOR)","信用返済","売埋","特定","通常注文","-","-","-","制度(6ヶ月)","2","2","-","-","41,920.0","41,920.0","43,350.0","83,840","0"
"5507","","","取消済（出来無）","-","-","12/02 11:03:05","本日中","2025/12/02","ＮＦ日経レバ","1570 東証(SOR)","信用新規","買建","特定","通常注文","-","-","-","制度(6ヶ月)","1","0","-","-","41,900.0","-","43,350.0","0","0"
"5506","","","約定","-","-","12/02 11:02:06","本日中","2025/12/02","ＮＦ日経レバ","1570 東証(SOR)","信用新規","買建","特定","通常注文","-","-","-","制度(6ヶ月)","1","1","-","-","41,910.0","41,900.0","43,350.0","41,900","0"
"5505","","","約定","-","-","12/02 11:01:28","本日中","2025/12/02","ＮＦ日経レバ","1570 東証(SOR)","信用新規","買建","特定","通常注文","-","-","-","制度(6ヶ月)","1","1","-","-","41,890.0","41,890.0","43,350.0","41,890","0"
"5504","","","約定","市場執行済","-","12/02 11:00:12","本日中","2025/12/02","ＮＦ日経レバ","1570 東証(SOR)","信用返済","買埋","特定","通常注文","-","-","-","制度(6ヶ月)","1","1","-","-","41,870.0","41,870.0","43,350.0","41,870","0"
"5503","","","約定","市場執行済","-","12/02 11:00:11","本日中","2025/12/02","ＮＦ日経レバ","1570 東証(SOR)","信用返済","買埋","特定","通常注文","-","-","-","制度(6ヶ月)","1","1","-","-","41,870.0","41,870.0","43,350.0","41,870","0"
"5502","","","約定","-","-","12/02 10:59:40","本日中","2025/12/02","ＮＦ日経レバ","1570 東証(SOR)","信用新規","売建","特定","通常注文","-","-","-","制度(6ヶ月)","1","1","-","-","41,890.0","41,890.0","43,350.0","41,890","0"
"5501","","","-","取消済","-","12/02 10:58:30","-","-","ＮＦ日経レバ","1570 東証(SOR)","信用返済","買埋","特定","逆指値注文","-","市場価格が42,120円以上なら成行で執行(本日中)","-","制度(6ヶ月)","1","0","-","-","-","-","43,350.0","0","0"
"5500","","","約定","-","-","12/02 10:58:29","本日中","2025/12/02","ＮＦ日経レバ","1570 東証(SOR)","信用新規","売建","特定","通常注文","-","-","-","制度(6ヶ月)","1","1","-","-","41,930.0","41,930.0","43,350.0","41,930","0"
"5499","","","約定","市場執行済","-","12/02 10:58:03","本日中","2025/12/02","ＮＦ日経レバ","1570 東証(SOR)","信用返済","買埋","特定","通常注文","-","-","-","制度(6ヶ月)","1","1","-","-","41,930.0","41,930.0","43,350.0","41,930","0"
"5498","","","約定","-","-","12/02 10:57:13","本日中","2025/12/02","ＮＦ日経レバ","1570 東証(SOR)","信用新規","売建","特定","通常注文","-","-","-","制度(6ヶ月)","1","1","-","-","41,910.0","41,910.0","43,350.0","41,910","0"
"5497","","","約定","市場執行済","-","12/02 10:54:35","本日中","2025/12/02","ＮＦ日経レバ","1570 東証(SOR)","信用返済","売埋","特定","通常注文","-","-","-","一般(1日)","1","1","-","-","41,910.0","41,910.0","43,350.0","41,910","0"
"5496","","","約定","市場執行済","-","12/02 10:54:35","本日中","2025/12/02","ＮＦ日経レバ","1570 東証(SOR)","信用返済","売埋","特定","通常注文","-","-","-","一般(1日)","1","1","-","-","41,910.0","41,910.0","43,350.0","41,910","0"
"5495","","","約定","市場執行済","-","12/02 10:54:33","本日中","2025/12/02","ＮＦ日経レバ","1570 東証(SOR)","信用返済","売埋","特定","通常注文","-","-","-","一般(1日)","1","1","-","-","41,910.0","41,910.0","43,350.0","41,910","0"
"5494","","","約定","-","-","12/02 10:51:35","本日中","2025/12/02","ＮＦ日経レバ","1570 東証(SOR)","信用新規","買建","特定","通常注文","-","-","-","一般(1日)","1","1","-","-","41,930.0","41,930.0","43,350.0","41,930","0"
"5493","","","-","取消済","-","12/02 10:50:34","-","-","ＮＦ日経レバ","1570 東証(SOR)","信用返済","売埋","特定","逆指値注文","-","市場価格が41,720円以下なら成行で執行(本日中)","-","一般(1日)","1","0","-","-","-","-","43,350.0","0","0"
"5492","","","-","取消済","-","12/02 10:50:32","-","-","ＮＦ日経レバ","1570 東証(SOR)","信用返済","売埋","特定","逆指値注文","-","市場価格が41,720円以下なら成行で執行(本日中)","-","一般(1日)","1","0","-","-","-","-","43,350.0","0","0"
"5491","","","約定","-","-","12/02 10:50:31","本日中","2025/12/02","ＮＦ日経レバ","1570 東証(SOR)","信用新規","買建","特定","通常注文","-","-","-","一般(1日)","1","1","-","-","41,910.0","41,905.0","43,350.0","41,905","0"
"5490","","","-","取消済","-","12/02 10:49:09","-","-","ＮＦ日経レバ","1570 東証(SOR)","信用返済","売埋","特定","逆指値注文","-","市場価格が41,720円以下なら成行で執行(本日中)","-","一般(1日)","1","0","-","-","-","-","43,350.0","0","0"
"5489","","","約定","-","-","12/02 10:49:07","本日中","2025/12/02","ＮＦ日経レバ","1570 東証(SOR)","信用新規","買建","特定","通常注文","-","-","-","一般(1日)","1","1","-","-","41,910.0","41,895.0","43,350.0","41,895","0"
"5488","","","約定","市場執行済","-","12/02 10:48:44","本日中","2025/12/02","ＮＦ日経レバ","1570 東証(SOR)","信用返済","買埋","特定","通常注文","-","-","-","制度(6ヶ月)","1","1","-","-","41,910.0","41,910.0","43,350.0","41,910","0"
"5487","","","約定","-","-","12/02 10:47:26","本日中","2025/12/02","ＮＦ日経レバ","1570 東証(SOR)","信用新規","売建","特定","通常注文","-","-","-","制度(6ヶ月)","1","1","-","-","41,890.0","41,890.0","43,350.0","41,890","0"
"5486","","","約定","市場執行済","-","12/02 10:46:11","本日中","2025/12/02","ＮＦ日経レバ","1570 東証(SOR)","信用返済","売埋","特定","通常注文","-","-","-","一般(1日)","1","1","-","-","41,880.0","41,880.0","43,350.0","41,880","0"
"5485","","","約定","市場執行済","-","12/02 10:46:09","本日中","2025/12/02","ＮＦ日経レバ","1570 東証(SOR)","信用返済","売埋","特定","通常注文","-","-","-","一般(1日)","1","1","-","-","41,880.0","41,880.0","43,350.0","41,880","0"
"5484","","","約定","市場執行済","-","12/02 10:46:09","本日中","2025/12/02","ＮＦ日経レバ","1570 東証(SOR)","信用返済","売埋","特定","通常注文","-","-","-","一般(1日)","1","1","-","-","41,880.0","41,880.0","43,350.0","41,880","0"
"5483","","","約定","-","-","12/02 10:44:14","本日中","2025/12/02","ＮＦ日経レバ","1570 東証(SOR)","信用新規","買建","特定","通常注文","-","-","-","一般(1日)","1","1","-","-","41,860.0","41,860.0","43,350.0","41,860","0"
"5482","","","-","取消済","-","12/02 10:43:22","-","-","ＮＦ日経レバ","1570 東証(SOR)","信用返済","売埋","特定","逆指値注文","-","市場価格が41,640円以下なら成行で執行(本日中)","-","一般(1日)","1","0","-","-","-","-","43,350.0","0","0"
"5481","","","-","取消済","-","12/02 10:43:20","-","-","ＮＦ日経レバ","1570 東証(SOR)","信用返済","売埋","特定","逆指値注文","-","市場価格が41,630円以下なら成行で執行(本日中)","-","一般(1日)","1","0","-","-","-","-","43,350.0","0","0"
"5480","","","約定","-","-","12/02 10:43:13","本日中","2025/12/02","ＮＦ日経レバ","1570 東証(SOR)","信用新規","買建","特定","通常注文","-","-","-","一般(1日)","1","1","-","-","41,850.0","41,850.0","43,350.0","41,850","0"
"5479","","","-","取消済","-","12/02 10:43:02","-","-","ＮＦ日経レバ","1570 東証(SOR)","信用返済","売埋","特定","逆指値注文","-","市場価格が41,630円以下なら成行で執行(本日中)","-","一般(1日)","1","0","-","-","-","-","43,350.0","0","0"
"5478","","","約定","-","-","12/02 10:42:59","本日中","2025/12/02","ＮＦ日経レバ","1570 東証(SOR)","信用新規","買建","特定","通常注文","-","-","-","一般(1日)","1","1","-","-","41,820.0","41,820.0","43,350.0","41,820","0"
"5477","","","約定","市場執行済","-","12/02 10:42:52","本日中","2025/12/02","ＮＦ日経レバ","1570 東証(SOR)","信用返済","売埋","特定","通常注文","-","-","-","一般(1日)","1","1","-","-","41,820.0","41,820.0","43,350.0","41,820","0"
"5476","","","約定","-","-","12/02 10:40:06","本日中","2025/12/02","ＮＦ日経レバ","1570 東証(SOR)","信用新規","買建","特定","通常注文","-","-","-","一般(1日)","1","1","-","-","41,910.0","41,900.0","43,350.0","41,900","0"
"5475","","","約定","市場執行済","-","12/02 10:39:37","本日中","2025/12/02","ＮＦ日経レバ","1570 東証(SOR)","信用返済","買埋","特定","通常注文","-","-","-","制度(6ヶ月)","1","1","-","-","41,900.0","41,900.0","43,350.0","41,900","0"
"5474","","","約定","市場執行済","-","12/02 10:39:37","本日中","2025/12/02","ＮＦ日経レバ","1570 東証(SOR)","信用返済","買埋","特定","通常注文","-","-","-","制度(6ヶ月)","1","1","-","-","41,900.0","41,900.0","43,350.0","41,900","0"
"5473","","","約定","市場執行済","-","12/02 10:39:37","本日中","2025/12/02","ＮＦ日経レバ","1570 東証(SOR)","信用返済","買埋","特定","通常注文","-","-","-","制度(6ヶ月)","1","1","-","-","41,900.0","41,900.0","43,350.0","41,900","0"
"5472","","","約定","-","-","12/02 10:38:24","本日中","2025/12/02","ＮＦ日経レバ","1570 東証(SOR)","信用新規","売建","特定","通常注文","-","-","-","制度(6ヶ月)","1","1","-","-","41,910.0","41,910.0","43,350.0","41,910","0"
"5471","","","-","取消済","-","12/02 10:38:04","-","-","ＮＦ日経レバ","1570 東証(SOR)","信用返済","買埋","特定","逆指値注文","-","市場価格が42,120円以上なら成行で執行(本日中)","-","制度(6ヶ月)","1","0","-","-","-","-","43,350.0","0","0"
"5470","","","-","取消済","-","12/02 10:38:01","-","-","ＮＦ日経レバ","1570 東証(SOR)","信用返済","買埋","特定","逆指値注文","-","市場価格が42,130円以上なら成行で執行(本日中)","-","制度(6ヶ月)","1","0","-","-","-","-","43,350.0","0","0"
"5469","","","約定","-","-","12/02 10:37:59","本日中","2025/12/02","ＮＦ日経レバ","1570 東証(SOR)","信用新規","売建","特定","通常注文","-","-","-","制度(6ヶ月)","1","1","-","-","41,930.0","41,930.0","43,350.0","41,930","0"
"5468","","","-","取消済","-","12/02 10:37:36","-","-","ＮＦ日経レバ","1570 東証(SOR)","信用返済","買埋","特定","逆指値注文","-","市場価格が42,130円以上なら成行で執行(本日中)","-","制度(6ヶ月)","1","0","-","-","-","-","43,350.0","0","0"
"5467","","","約定","-","-","12/02 10:37:33","本日中","2025/12/02","ＮＦ日経レバ","1570 東証(SOR)","信用新規","売建","特定","通常注文","-","-","-","制度(6ヶ月)","1","1","-","-","41,940.0","41,940.0","43,350.0","41,940","0"
"5466","","","約定","市場執行済","-","12/02 10:37:11","本日中","2025/12/02","ＮＦ日経レバ","1570 東証(SOR)","信用返済","売埋","特定","通常注文","-","-","-","一般(1日)","1","1","-","-","41,940.0","41,940.0","43,350.0","41,940","0"
"5465","","","約定","市場執行済","-","12/02 10:37:11","本日中","2025/12/02","ＮＦ日経レバ","1570 東証(SOR)","信用返済","売埋","特定","通常注文","-","-","-","一般(1日)","1","1","-","-","41,940.0","41,940.0","43,350.0","41,940","0"
"5464","","","約定","-","-","12/02 10:36:33","本日中","2025/12/02","ＮＦ日経レバ","1570 東証(SOR)","信用新規","買建","特定","通常注文","-","-","-","一般(1日)","1","1","-","-","41,920.0","41,920.0","43,350.0","41,920","0"
"5463","","","-","取消済","-","12/02 10:36:23","-","-","ＮＦ日経レバ","1570 東証(SOR)","信用返済","売埋","特定","逆指値注文","-","市場価格が41,720円以下なら成行で執行(本日中)","-","一般(1日)","1","0","-","-","-","-","43,350.0","0","0"
"5462","","","取消済（出来無）","-","-","12/02 10:36:12","本日中","2025/12/02","ＮＦ日経レバ","1570 東証(SOR)","信用新規","買建","特定","通常注文","-","-","-","一般(1日)","1","0","-","-","41,920.0","-","43,350.0","0","0"
"5461","","","-","取消済","-","12/02 10:35:43","-","-","ＮＦ日経レバ","1570 東証(SOR)","信用返済","売埋","特定","逆指値注文","-","市場価格が41,720円以下なら成行で執行(本日中)","-","一般(1日)","1","0","-","-","-","-","43,350.0","0","0"
"5460","","","約定","-","-","12/02 10:35:41","本日中","2025/12/02","ＮＦ日経レバ","1570 東証(SOR)","信用新規","買建","特定","通常注文","-","-","-","一般(1日)","1","1","-","-","41,910.0","41,905.0","43,350.0","41,905","0"
"5459","","","取消済（出来無）","-","-","12/02 10:35:21","本日中","2025/12/02","ＮＦ日経レバ","1570 東証(SOR)","信用新規","売建","特定","通常注文","-","-","-","制度(6ヶ月)","1","0","-","-","41,930.0","-","43,350.0","0","0"
"5458","","","約定","市場執行済","-","12/02 10:34:40","本日中","2025/12/02","ＮＦ日経レバ","1570 東証(SOR)","信用返済","売埋","特定","通常注文","-","-","-","一般(1日)","1","1","-","-","41,950.0","41,950.0","43,350.0","41,950","0"
"5457","","","約定","市場執行済","-","12/02 10:34:38","本日中","2025/12/02","ＮＦ日経レバ","1570 東証(SOR)","信用返済","売埋","特定","通常注文","-","-","-","一般(1日)","1","1","-","-","41,950.0","41,950.0","43,350.0","41,950","0"
"5456","","","約定","市場執行済","-","12/02 10:34:38","本日中","2025/12/02","ＮＦ日経レバ","1570 東証(SOR)","信用返済","売埋","特定","通常注文","-","-","-","一般(1日)","1","1","-","-","41,950.0","41,950.0","43,350.0","41,950","0"
"5455","","","約定","-","-","12/02 10:33:41","本日中","2025/12/02","ＮＦ日経レバ","1570 東証(SOR)","信用新規","買建","特定","通常注文","-","-","-","一般(1日)","1","1","-","-","41,930.0","41,930.0","43,350.0","41,930","0"
"5454","","","-","取消済","-","12/02 10:33:23","-","-","ＮＦ日経レバ","1570 東証(SOR)","信用返済","売埋","特定","逆指値注文","-","市場価格が41,720円以下なら成行で執行(本日中)","-","一般(1日)","1","0","-","-","-","-","43,350.0","0","0"
"5453","","","-","取消済","-","12/02 10:33:20","-","-","ＮＦ日経レバ","1570 東証(SOR)","信用返済","売埋","特定","逆指値注文","-","市場価格が41,700円以下なら成行で執行(本日中)","-","一般(1日)","1","0","-","-","-","-","43,350.0","0","0"
"5452","","","-","取消済","-","12/02 10:32:12","-","-","ＮＦ日経レバ","1570 東証(SOR)","信用返済","売埋","特定","逆指値注文","-","市場価格が41,720円以下なら成行で執行(本日中)","-","一般(1日)","1","0","-","-","-","-","43,350.0","0","0"
"5451","","","-","取消済","-","12/02 10:32:11","-","-","ＮＦ日経レバ","1570 東証(SOR)","信用返済","売埋","特定","逆指値注文","-","市場価格が41,700円以下なら成行で執行(本日中)","-","一般(1日)","1","0","-","-","-","-","43,350.0","0","0"
"5450","","","約定","-","-","12/02 10:32:10","本日中","2025/12/02","ＮＦ日経レバ","1570 東証(SOR)","信用新規","買建","特定","通常注文","-","-","-","一般(1日)","1","1","-","-","41,910.0","41,910.0","43,350.0","41,910","0"
"5449","","","-","取消済","-","12/02 10:32:04","-","-","ＮＦ日経レバ","1570 東証(SOR)","信用返済","売埋","特定","逆指値注文","-","市場価格が41,700円以下なら成行で執行(本日中)","-","一般(1日)","1","0","-","-","-","-","43,350.0","0","0"
"5448","","","約定","-","-","12/02 10:32:01","本日中","2025/12/02","ＮＦ日経レバ","1570 東証(SOR)","信用新規","買建","特定","通常注文","-","-","-","一般(1日)","1","1","-","-","41,890.0","41,890.0","43,350.0","41,890","0"
"5447","","","約定","市場執行済","-","12/02 10:31:56","本日中","2025/12/02","ＮＦ日経レバ","1570 東証(SOR)","信用返済","買埋","特定","通常注文","-","-","-","制度(6ヶ月)","1","1","-","-","41,910.0","41,890.0","43,350.0","41,890","0"
"5446","","","約定","-","-","12/02 10:31:32","本日中","2025/12/02","ＮＦ日経レバ","1570 東証(SOR)","信用新規","売建","特定","通常注文","-","-","-","制度(6ヶ月)","1","1","-","-","41,870.0","41,880.0","43,350.0","41,880","0"
"5445","","","約定","市場執行済","-","12/02 10:31:17","本日中","2025/12/02","ＮＦ日経レバ","1570 東証(SOR)","信用返済","売埋","特定","通常注文","-","-","-","一般(1日)","1","1","-","-","41,900.0","41,900.0","43,350.0","41,900","0"
"5444","","","約定","-","-","12/02 10:30:57","本日中","2025/12/02","ＮＦ日経レバ","1570 東証(SOR)","信用新規","買建","特定","通常注文","-","-","-","一般(1日)","1","1","-","-","41,920.0","41,920.0","43,350.0","41,920","0"
"5443","","","約定","市場執行済","-","12/02 10:30:36","本日中","2025/12/02","ＮＦ日経レバ","1570 東証(SOR)","信用返済","売埋","特定","通常注文","-","-","-","一般(1日)","1","1","-","-","成行","41,900.0","43,350.0","41,900","0"
"5442","","","約定","市場執行済","-","12/02 10:28:23","本日中","2025/12/02","ＮＦ日経レバ","1570 東証(SOR)","信用返済","買埋","特定","通常注文","-","-","-","制度(6ヶ月)","1","1","-","-","成行","41,960.0","43,350.0","41,960","0"
"5441","","","-","取消済","-","12/02 10:27:28","-","-","ＮＦ日経レバ","1570 東証(SOR)","信用返済","買埋","特定","逆指値注文","-","市場価格が42,100円以上なら成行で執行(本日中)","-","制度(6ヶ月)","1","0","-","-","-","-","43,350.0","0","0"
"5440","","","約定","市場執行済","-","12/02 10:27:28","本日中","2025/12/02","ＮＦ日経レバ","1570 東証(SOR)","信用返済","売埋","特定","通常注文","-","-","-","一般(1日)","1","1","-","-","成行","41,955.0","43,350.0","41,955","0"
"5439","","","約定","-","-","12/02 10:27:25","本日中","2025/12/02","ＮＦ日経レバ","1570 東証(SOR)","信用新規","買建","特定","通常注文","-","-","-","一般(1日)","1","1","-","-","41,960.0","41,955.0","43,350.0","41,955","0"
"5438","","","-","取消済","-","12/02 10:27:12","-","-","ＮＦ日経レバ","1570 東証(SOR)","信用返済","買埋","特定","逆指値注文","-","市場価格が42,100円以上なら成行で執行(本日中)","-","制度(6ヶ月)","1","0","-","-","-","-","43,350.0","0","0"
"5437","","","約定","-","-","12/02 10:27:12","本日中","2025/12/02","ＮＦ日経レバ","1570 東証(SOR)","信用新規","買建","特定","通常注文","-","-","-","一般(1日)","1","1","-","-","41,930.0","41,930.0","43,350.0","41,930","0"
"5436","","","-","取消済","-","12/02 10:27:04","-","-","ＮＦ日経レバ","1570 東証(SOR)","信用返済","買埋","特定","逆指値注文","-","市場価格が42,100円以上なら成行で執行(本日中)","-","制度(6ヶ月)","1","0","-","-","-","-","43,350.0","0","0"
"5435","","","約定","市場執行済","-","12/02 10:27:02","本日中","2025/12/02","ＮＦ日経レバ","1570 東証(SOR)","信用返済","買埋","特定","通常注文","-","-","-","制度(6ヶ月)","1","1","-","-","41,970.0","41,930.0","43,350.0","41,930","0"
"5434","","","約定","市場執行済","-","12/02 10:27:02","本日中","2025/12/02","ＮＦ日経レバ","1570 東証(SOR)","信用返済","買埋","特定","通常注文","-","-","-","制度(6ヶ月)","1","1","-","-","41,970.0","41,930.0","43,350.0","41,930","0"
"5433","","","約定","-","-","12/02 10:24:13","本日中","2025/12/02","ＮＦ日経レバ","1570 東証(SOR)","信用新規","売建","特定","通常注文","-","-","-","制度(6ヶ月)","1","1","-","-","41,860.0","41,870.0","43,350.0","41,870","0"
"5432","","","-","取消済","-","12/02 10:23:38","-","-","ＮＦ日経レバ","1570 東証(SOR)","信用返済","買埋","特定","逆指値注文","-","市場価格が42,070円以上なら成行で執行(本日中)","-","制度(6ヶ月)","1","0","-","-","-","-","43,350.0","0","0"
"5431","","","-","取消済","-","12/02 10:23:36","-","-","ＮＦ日経レバ","1570 東証(SOR)","信用返済","買埋","特定","逆指値注文","-","市場価格が42,100円以上なら成行で執行(本日中)","-","制度(6ヶ月)","1","0","-","-","-","-","43,350.0","0","0"
"5430","","","約定","-","-","12/02 10:23:32","本日中","2025/12/02","ＮＦ日経レバ","1570 東証(SOR)","信用新規","売建","特定","通常注文","-","-","-","制度(6ヶ月)","1","1","-","-","41,870.0","41,870.0","43,350.0","41,870","0"
"5429","","","-","取消済","-","12/02 10:23:25","-","-","ＮＦ日経レバ","1570 東証(SOR)","信用返済","買埋","特定","逆指値注文","-","市場価格が42,100円以上なら成行で執行(本日中)","-","制度(6ヶ月)","1","0","-","-","-","-","43,350.0","0","0"
"5428","","","約定","-","-","12/02 10:23:20","本日中","2025/12/02","ＮＦ日経レバ","1570 東証(SOR)","信用新規","売建","特定","通常注文","-","-","-","制度(6ヶ月)","1","1","-","-","41,910.0","41,910.0","43,350.0","41,910","0"
"5427","","","約定","-","-","12/02 10:22:26","本日中","2025/12/02","ＮＦ日経レバ","1570 東証(SOR)","信用返済","買埋","特定","通常注文","-","-","-","制度(6ヶ月)","2","2","-","-","41,920.0","41,920.0","43,350.0","83,840","0"
"5426","","","-","取消済","-","12/02 10:21:29","-","-","ＮＦ日経レバ","1570 東証(SOR)","信用返済","買埋","特定","逆指値注文","-","市場価格が42,150円以上なら成行で執行(本日中)","-","制度(6ヶ月)","2","0","-","-","-","-","43,350.0","0","0"
"5425","","","約定","-","-","12/02 10:20:55","本日中","2025/12/02","ＮＦ日経レバ","1570 東証(SOR)","信用返済","買埋","特定","通常注文","-","-","-","制度(6ヶ月)","1","1","-","-","41,930.0","41,930.0","43,350.0","41,930","0"
"5424","","","-","取消済","-","12/02 10:19:29","-","-","ＮＦ日経レバ","1570 東証(SOR)","信用返済","買埋","特定","逆指値注文","-","市場価格が42,150円以上なら成行で執行(本日中)","-","制度(6ヶ月)","2","0","-","-","-","-","43,350.0","0","0"
"5423","","","約定","-","-","12/02 10:16:16","本日中","2025/12/02","ＮＦ日経レバ","1570 東証(SOR)","信用新規","売建","特定","通常注文","-","-","-","制度(6ヶ月)","1","1","-","-","41,960.0","41,960.0","43,350.0","41,960","0"
"5422","","","約定","-","-","12/02 10:15:40","本日中","2025/12/02","ＮＦ日経レバ","1570 東証(SOR)","信用新規","売建","特定","通常注文","-","-","-","制度(6ヶ月)","1","1","-","-","41,940.0","41,940.0","43,350.0","41,940","0"
"5421","","","約定","-","-","12/02 10:13:56","本日中","2025/12/02","ＮＦ日経レバ","1570 東証(SOR)","信用新規","売建","特定","通常注文","-","-","-","制度(6ヶ月)","1","1","-","-","41,960.0","41,960.0","43,350.0","41,960","0"
"5420","","","約定","市場執行済","-","12/02 10:07:55","本日中","2025/12/02","ＮＦ日経レバ","1570 東証(SOR)","信用返済","買埋","特定","通常注文","-","-","-","制度(6ヶ月)","1","1","-","-","41,840.0","41,840.0","43,350.0","41,840","0"
"5419","","","約定","市場執行済","-","12/02 10:07:53","本日中","2025/12/02","ＮＦ日経レバ","1570 東証(SOR)","信用返済","買埋","特定","通常注文","-","-","-","制度(6ヶ月)","1","1","-","-","41,840.0","41,830.0","43,350.0","41,830","0"
"5418","","","約定","市場執行済","-","12/02 10:07:52","本日中","2025/12/02","ＮＦ日経レバ","1570 東証(SOR)","信用返済","買埋","特定","通常注文","-","-","-","制度(6ヶ月)","1","1","-","-","41,840.0","41,840.0","43,350.0","41,840","0"
"5417","","","約定","-","-","12/02 10:07:42","本日中","2025/12/02","ＮＦ日経レバ","1570 東証(SOR)","信用新規","売建","特定","通常注文","-","-","-","制度(6ヶ月)","1","1","-","-","41,850.0","41,850.0","43,350.0","41,850","0"
"5416","","","-","取消済","-","12/02 10:07:25","-","-","ＮＦ日経レバ","1570 東証(SOR)","信用返済","買埋","特定","逆指値注文","-","市場価格が42,070円以上なら成行で執行(本日中)","-","制度(6ヶ月)","1","0","-","-","-","-","43,350.0","0","0"
"5415","","","-","取消済","-","12/02 10:07:24","-","-","ＮＦ日経レバ","1570 東証(SOR)","信用返済","買埋","特定","逆指値注文","-","市場価格が42,080円以上なら成行で執行(本日中)","-","制度(6ヶ月)","1","0","-","-","-","-","43,350.0","0","0"
"5414","","","約定","-","-","12/02 10:07:23","本日中","2025/12/02","ＮＦ日経レバ","1570 東証(SOR)","信用新規","売建","特定","通常注文","-","-","-","制度(6ヶ月)","1","1","-","-","41,880.0","41,880.0","43,350.0","41,880","0"
"5413","","","-","取消済","-","12/02 10:07:12","-","-","ＮＦ日経レバ","1570 東証(SOR)","信用返済","買埋","特定","逆指値注文","-","市場価格が42,080円以上なら成行で執行(本日中)","-","制度(6ヶ月)","1","0","-","-","-","-","43,350.0","0","0"
"5412","","","約定","-","-","12/02 10:07:10","本日中","2025/12/02","ＮＦ日経レバ","1570 東証(SOR)","信用新規","売建","特定","通常注文","-","-","-","制度(6ヶ月)","1","1","-","-","41,890.0","41,890.0","43,350.0","41,890","0"
"5411","","","約定","市場執行済","-","12/02 10:06:35","本日中","2025/12/02","ＮＦ日経レバ","1570 東証(SOR)","信用返済","売埋","特定","通常注文","-","-","-","一般(1日)","1","1","-","-","41,840.0","41,850.0","43,350.0","41,850","0"
"5410","","","約定","市場執行済","-","12/02 10:06:35","本日中","2025/12/02","ＮＦ日経レバ","1570 東証(SOR)","信用返済","売埋","特定","通常注文","-","-","-","一般(1日)","2","2","-","-","41,840.0","41,845.0","43,350.0","83,690","0"
"5409","","","約定","-","-","12/02 10:01:18","本日中","2025/12/02","ＮＦ日経レバ","1570 東証(SOR)","信用新規","買建","特定","通常注文","-","-","-","一般(1日)","1","1","-","-","41,810.0","41,810.0","43,350.0","41,810","0"
"5408","","","-","取消済","-","12/02 10:01:13","-","-","ＮＦ日経レバ","1570 東証(SOR)","信用返済","売埋","特定","逆指値注文","-","市場価格が41,590円以下なら成行で執行(本日中)","-","一般(1日)","2","0","-","-","-","-","43,350.0","0","0"
"5407","","","約定","-","-","12/02 10:01:06","本日中","2025/12/02","ＮＦ日経レバ","1570 東証(SOR)","信用新規","買建","特定","通常注文","-","-","-","一般(1日)","1","1","-","-","41,800.0","41,800.0","43,350.0","41,800","0"
"5406","","","約定","-","-","12/02 10:01:01","本日中","2025/12/02","ＮＦ日経レバ","1570 東証(SOR)","信用新規","買建","特定","通常注文","-","-","-","一般(1日)","1","1","-","-","41,800.0","41,800.0","43,350.0","41,800","0"
"5405","","","約定","市場執行済","-","12/02 10:00:59","本日中","2025/12/02","ＮＦ日経レバ","1570 東証(SOR)","信用返済","買埋","特定","通常注文","-","-","-","制度(6ヶ月)","1","1","-","-","成行","41,790.0","43,350.0","41,790","0"
"5404","","","約定","市場執行済","-","12/02 10:00:54","本日中","2025/12/02","ＮＦ日経レバ","1570 東証(SOR)","信用返済","買埋","特定","通常注文","-","-","-","制度(6ヶ月)","1","1","-","-","成行","41,770.0","43,350.0","41,770","0"
"5403","","","-","取消済","-","12/02 09:54:53","-","-","ＮＦ日経レバ","1570 東証(SOR)","信用返済","買埋","特定","逆指値注文","-","市場価格が41,790円以上なら成行で執行(本日中)","-","制度(6ヶ月)","1","0","-","-","-","-","43,350.0","0","0"
"5402","","","-","取消済","-","12/02 09:54:51","-","-","ＮＦ日経レバ","1570 東証(SOR)","信用返済","買埋","特定","逆指値注文","-","市場価格が41,810円以上なら成行で執行(本日中)","-","制度(6ヶ月)","1","0","-","-","-","-","43,350.0","0","0"
"5401","","","-","取消済","-","12/02 09:50:08","-","-","ＮＦ日経レバ","1570 東証(SOR)","信用返済","買埋","特定","逆指値注文","-","市場価格が41,850円以上なら成行で執行(本日中)","-","制度(6ヶ月)","1","0","-","-","-","-","43,350.0","0","0"
"5400","","","-","取消済","-","12/02 09:50:06","-","-","ＮＦ日経レバ","1570 東証(SOR)","信用返済","買埋","特定","逆指値注文","-","市場価格が41,880円以上なら成行で執行(本日中)","-","制度(6ヶ月)","1","0","-","-","-","-","43,350.0","0","0"
"5399","","","約定","-","-","12/02 09:50:02","本日中","2025/12/02","ＮＦ日経レバ","1570 東証(SOR)","信用新規","売建","特定","通常注文","-","-","-","制度(6ヶ月)","1","1","-","-","41,640.0","41,650.0","43,350.0","41,650","0"
"5398","","","-","取消済","-","12/02 09:49:35","-","-","ＮＦ日経レバ","1570 東証(SOR)","信用返済","買埋","特定","逆指値注文","-","市場価格が41,880円以上なら成行で執行(本日中)","-","制度(6ヶ月)","1","0","-","-","-","-","43,350.0","0","0"
"5397","","","約定","-","-","12/02 09:49:32","本日中","2025/12/02","ＮＦ日経レバ","1570 東証(SOR)","信用新規","売建","特定","通常注文","-","-","-","制度(6ヶ月)","1","1","-","-","41,690.0","41,690.0","43,350.0","41,690","0"
"5396","","","約定","市場執行済","-","12/02 09:48:30","本日中","2025/12/02","ＮＦ日経レバ","1570 東証(SOR)","信用返済","買埋","特定","通常注文","-","-","-","制度(6ヶ月)","1","1","-","-","41,620.0","41,620.0","43,350.0","41,620","0"
"5395","","","約定","市場執行済","-","12/02 09:48:29","本日中","2025/12/02","ＮＦ日経レバ","1570 東証(SOR)","信用返済","買埋","特定","通常注文","-","-","-","制度(6ヶ月)","1","1","-","-","41,620.0","41,620.0","43,350.0","41,620","0"
"5394","","","約定","市場執行済","-","12/02 09:48:29","本日中","2025/12/02","ＮＦ日経レバ","1570 東証(SOR)","信用返済","買埋","特定","通常注文","-","-","-","制度(6ヶ月)","1","1","-","-","41,620.0","41,620.0","43,350.0","41,620","0"
"5393","","","約定","-","-","12/02 09:47:26","本日中","2025/12/02","ＮＦ日経レバ","1570 東証(SOR)","信用新規","売建","特定","通常注文","-","-","-","制度(6ヶ月)","1","1","-","-","41,660.0","41,660.0","43,350.0","41,660","0"
"5392","","","-","取消済","-","12/02 09:46:07","-","-","ＮＦ日経レバ","1570 東証(SOR)","信用返済","買埋","特定","逆指値注文","-","市場価格が41,870円以上なら成行で執行(本日中)","-","制度(6ヶ月)","1","0","-","-","-","-","43,350.0","0","0"
"5391","","","-","取消済","-","12/02 09:46:06","-","-","ＮＦ日経レバ","1570 東証(SOR)","信用返済","買埋","特定","逆指値注文","-","市場価格が41,900円以上なら成行で執行(本日中)","-","制度(6ヶ月)","1","0","-","-","-","-","43,350.0","0","0"
"5390","","","約定","-","-","12/02 09:46:05","本日中","2025/12/02","ＮＦ日経レバ","1570 東証(SOR)","信用新規","売建","特定","通常注文","-","-","-","制度(6ヶ月)","1","1","-","-","41,680.0","41,690.0","43,350.0","41,690","0"
"5389","","","-","取消済","-","12/02 09:45:54","-","-","ＮＦ日経レバ","1570 東証(SOR)","信用返済","買埋","特定","逆指値注文","-","市場価格が41,900円以上なら成行で執行(本日中)","-","制度(6ヶ月)","1","0","-","-","-","-","43,350.0","0","0"
"5388","","","約定","-","-","12/02 09:45:50","本日中","2025/12/02","ＮＦ日経レバ","1570 東証(SOR)","信用新規","売建","特定","通常注文","-","-","-","制度(6ヶ月)","1","1","-","-","41,710.0","41,710.0","43,350.0","41,710","0"
"5387","","","約定","市場執行済","-","12/02 09:44:06","本日中","2025/12/02","ＮＦ日経レバ","1570 東証(SOR)","信用返済","売埋","特定","通常注文","-","-","-","一般(1日)","1","1","-","-","41,700.0","41,700.0","43,350.0","41,700","0"
"5386","","","約定","-","-","12/02 09:43:39","本日中","2025/12/02","ＮＦ日経レバ","1570 東証(SOR)","信用新規","買建","特定","通常注文","-","-","-","一般(1日)","1","1","-","-","41,740.0","41,740.0","43,350.0","41,740","0"
"5385","","","約定","市場執行済","-","12/02 09:42:11","本日中","2025/12/02","ＮＦ日経レバ","1570 東証(SOR)","信用返済","売埋","特定","通常注文","-","-","-","一般(1日)","1","1","-","-","41,770.0","41,770.0","43,350.0","41,770","0"
"5384","","","約定","-","-","12/02 09:41:56","本日中","2025/12/02","ＮＦ日経レバ","1570 東証(SOR)","信用新規","買建","特定","通常注文","-","-","-","一般(1日)","1","1","-","-","41,750.0","41,750.0","43,350.0","41,750","0"
"5383","","","約定","市場執行済","-","12/02 09:41:46","本日中","2025/12/02","ＮＦ日経レバ","1570 東証(SOR)","信用返済","買埋","特定","通常注文","-","-","-","制度(6ヶ月)","1","1","-","-","41,740.0","41,740.0","43,350.0","41,740","0"
"5382","","","約定","-","-","12/02 09:41:24","本日中","2025/12/02","ＮＦ日経レバ","1570 東証(SOR)","信用新規","売建","特定","通常注文","-","-","-","制度(6ヶ月)","1","1","-","-","41,750.0","41,770.0","43,350.0","41,770","0"
"5381","","","約定","市場執行済","-","12/02 09:41:10","本日中","2025/12/02","ＮＦ日経レバ","1570 東証(SOR)","信用返済","売埋","特定","通常注文","-","-","-","一般(1日)","1","1","-","-","41,730.0","41,740.0","43,350.0","41,740","0"
"5380","","","約定","-","-","12/02 09:40:55","本日中","2025/12/02","ＮＦ日経レバ","1570 東証(SOR)","信用新規","買建","特定","通常注文","-","-","-","一般(1日)","1","1","-","-","41,770.0","41,770.0","43,350.0","41,770","0"
"5379","","","約定","市場執行済","-","12/02 09:40:36","本日中","2025/12/02","ＮＦ日経レバ","1570 東証(SOR)","信用返済","売埋","特定","通常注文","-","-","-","一般(1日)","1","1","-","-","成行","41,765.0","43,350.0","41,765","0"
"5378","","","約定","市場執行済","-","12/02 09:40:31","本日中","2025/12/02","ＮＦ日経レバ","1570 東証(SOR)","信用返済","売埋","特定","通常注文","-","-","-","一般(1日)","1","1","-","-","成行","41,760.0","43,350.0","41,760","0"
"5377","","","約定","市場執行済","-","12/02 09:40:31","本日中","2025/12/02","ＮＦ日経レバ","1570 東証(SOR)","信用返済","売埋","特定","通常注文","-","-","-","一般(1日)","1","1","-","-","成行","41,760.0","43,350.0","41,760","0"
"5376","","","-","取消済","-","12/02 09:12:02","-","-","ＮＦ日経レバ","1570 東証(SOR)","信用返済","売埋","特定","逆指値注文","-","市場価格が41,760円以下なら成行で執行(本日中)","-","一般(1日)","1","0","-","-","-","-","43,350.0","0","0"
"5375","","","-","取消済","-","12/02 09:12:00","-","-","ＮＦ日経レバ","1570 東証(SOR)","信用返済","売埋","特定","逆指値注文","-","市場価格が41,760円以下なら成行で執行(本日中)","-","一般(1日)","1","0","-","-","-","-","43,350.0","0","0"
"5374","","","-","取消済","-","12/02 09:11:59","-","-","ＮＦ日経レバ","1570 東証(SOR)","信用返済","売埋","特定","逆指値注文","-","市場価格が41,730円以下なら成行で執行(本日中)","-","一般(1日)","1","0","-","-","-","-","43,350.0","0","0"
"5373","","","約定","-","-","12/02 09:11:54","本日中","2025/12/02","ＮＦ日経レバ","1570 東証(SOR)","信用新規","買建","特定","通常注文","-","-","-","一般(1日)","1","1","-","-","41,950.0","41,950.0","43,350.0","41,950","0"
"5372","","","-","取消済","-","12/02 09:08:03","-","-","ＮＦ日経レバ","1570 東証(SOR)","信用返済","売埋","特定","逆指値注文","-","市場価格が41,760円以下なら成行で執行(本日中)","-","一般(1日)","1","0","-","-","-","-","43,350.0","0","0"
"5371","","","-","取消済","-","12/02 09:08:01","-","-","ＮＦ日経レバ","1570 東証(SOR)","信用返済","売埋","特定","逆指値注文","-","市場価格が41,730円以下なら成行で執行(本日中)","-","一般(1日)","1","0","-","-","-","-","43,350.0","0","0"
"5370","","","約定","-","-","12/02 09:08:00","本日中","2025/12/02","ＮＦ日経レバ","1570 東証(SOR)","信用新規","買建","特定","通常注文","-","-","-","一般(1日)","1","1","-","-","41,950.0","41,940.0","43,350.0","41,940","0"
"5369","","","-","取消済","-","12/02 09:07:46","-","-","ＮＦ日経レバ","1570 東証(SOR)","信用返済","売埋","特定","逆指値注文","-","市場価格が41,730円以下なら成行で執行(本日中)","-","一般(1日)","1","0","-","-","-","-","43,350.0","0","0"
"5368","","","約定","-","-","12/02 09:07:43","本日中","2025/12/02","ＮＦ日経レバ","1570 東証(SOR)","信用新規","買建","特定","通常注文","-","-","-","一般(1日)","1","1","-","-","41,920.0","41,920.0","43,350.0","41,920","0"
"5367","","","約定","市場執行済","-","12/02 09:07:38","本日中","2025/12/02","ＮＦ日経レバ","1570 東証(SOR)","信用返済","買埋","特定","通常注文","-","-","-","制度(6ヶ月)","1","1","-","-","41,930.0","41,920.0","43,350.0","41,920","0"
"5366","","","-","取消済","-","12/02 09:07:03","-","-","ＮＦ日経レバ","1570 東証(SOR)","信用返済","買埋","特定","逆指値注文","-","市場価格が42,040円以上なら成行で執行(本日中)","-","制度(6ヶ月)","1","0","-","-","-","-","43,350.0","0","0"
"5365","","","約定","-","-","12/02 09:07:00","本日中","2025/12/02","ＮＦ日経レバ","1570 東証(SOR)","信用新規","売建","特定","通常注文","-","-","-","制度(6ヶ月)","1","1","-","-","41,850.0","41,850.0","43,350.0","41,850","0"
"5364","","","約定","市場執行済","-","12/02 09:06:41","本日中","2025/12/02","ＮＦ日経レバ","1570 東証(SOR)","信用返済","買埋","特定","通常注文","-","-","-","制度(6ヶ月)","1","1","-","-","成行","41,860.0","43,350.0","41,860","0"
"5363","","","約定","市場執行済","-","12/02 09:06:32","本日中","2025/12/02","ＮＦ日経レバ","1570 東証(SOR)","信用返済","買埋","特定","通常注文","-","-","-","制度(6ヶ月)","1","1","-","-","成行","41,830.0","43,350.0","41,830","0"
"5361","","","約定","市場執行済","-","12/02 09:06:36","本日中","2025/12/02","ＮＦ日経レバ","1570 東証(SOR)","信用返済","買埋","特定","通常注文","-","-","-","制度(6ヶ月)","1","1","-","-","成行","41,870.0","43,350.0","41,870","0"
"5362","","","-","取消済","-","12/02 09:03:32","-","-","ＮＦ日経レバ","1570 東証(SOR)","信用返済","買埋","特定","逆指値注文","-","市場価格が41,900円以上なら成行で執行(本日中)","-","制度(6ヶ月)","1","0","-","-","-","-","43,350.0","0","0"
"5360","","","約定","-","-","12/02 09:03:30","本日中","2025/12/02","ＮＦ日経レバ","1570 東証(SOR)","信用新規","売建","特定","通常注文","-","-","-","制度(6ヶ月)","1","1","-","-","41,650.0","41,650.0","43,350.0","41,650","0"
"5359","","","-","取消済","-","12/02 09:03:14","-","-","ＮＦ日経レバ","1570 東証(SOR)","信用返済","買埋","特定","逆指値注文","-","市場価格が41,870円以上なら成行で執行(本日中)","-","制度(6ヶ月)","1","0","-","-","-","-","43,350.0","0","0"
"5358","","","-","取消済","-","12/02 09:03:13","-","-","ＮＦ日経レバ","1570 東証(SOR)","信用返済","買埋","特定","逆指値注文","-","市場価格が41,900円以上なら成行で執行(本日中)","-","制度(6ヶ月)","1","0","-","-","-","-","43,350.0","0","0"
"5357","","","約定","-","-","12/02 09:03:11","本日中","2025/12/02","ＮＦ日経レバ","1570 東証(SOR)","信用新規","売建","特定","通常注文","-","-","-","制度(6ヶ月)","1","1","-","-","41,680.0","41,690.0","43,350.0","41,690","0"
"5356","","","-","取消済","-","12/02 09:02:46","-","-","ＮＦ日経レバ","1570 東証(SOR)","信用返済","買埋","特定","逆指値注文","-","市場価格が41,900円以上なら成行で執行(本日中)","-","制度(6ヶ月)","1","0","-","-","-","-","43,350.0","0","0"
"5355","","","約定","-","-","12/02 09:02:43","本日中","2025/12/02","ＮＦ日経レバ","1570 東証(SOR)","信用新規","売建","特定","通常注文","-","-","-","制度(6ヶ月)","1","1","-","-","41,710.0","41,710.0","43,350.0","41,710","0"
"5354","","","約定","市場執行済","-","12/02 09:02:20","本日中","2025/12/02","ＮＦ日経レバ","1570 東証(SOR)","信用返済","売埋","特定","通常注文","-","-","-","一般(1日)","1","1","-","-","41,760.0","41,760.0","43,350.0","41,760","0"
"5353","","","約定","-","-","12/02 09:01:49","本日中","2025/12/02","ＮＦ日経レバ","1570 東証(SOR)","信用新規","買建","特定","通常注文","-","-","-","一般(1日)","1","1","-","-","41,920.0","41,880.0","43,350.0","41,880","0"
"5352","","","約定","市場執行済","-","12/01 09:25:24","本日中","2025/12/01","ＮＦ日経レバ","1570 東証(SOR)","信用返済","買埋","特定","通常注文","-","-","-","制度(6ヶ月)","1","1","-","-","42,430.0","42,430.0","43,350.0","42,430","0"
"5351","","","約定","市場執行済","-","12/01 09:25:23","本日中","2025/12/01","ＮＦ日経レバ","1570 東証(SOR)","信用返済","買埋","特定","通常注文","-","-","-","制度(6ヶ月)","1","1","-","-","42,430.0","42,430.0","43,350.0","42,430","0"
"5350","","","約定","市場執行済","-","12/01 09:25:22","本日中","2025/12/01","ＮＦ日経レバ","1570 東証(SOR)","信用返済","買埋","特定","通常注文","-","-","-","制度(6ヶ月)","1","1","-","-","42,430.0","42,430.0","43,350.0","42,430","0"
"5349","","","約定","-","-","12/01 09:24:48","本日中","2025/12/01","ＮＦ日経レバ","1570 東証(SOR)","信用新規","売建","特定","通常注文","-","-","-","制度(6ヶ月)","1","1","-","-","42,510.0","42,510.0","43,350.0","42,510","0"
"5348","","","-","取消済","-","12/01 09:23:59","-","-","ＮＦ日経レバ","1570 東証(SOR)","信用返済","買埋","特定","逆指値注文","-","市場価格が42,710円以上なら成行で執行(本日中)","-","制度(6ヶ月)","1","0","-","-","-","-","43,350.0","0","0"
"5347","","","-","取消済","-","12/01 09:23:58","-","-","ＮＦ日経レバ","1570 東証(SOR)","信用返済","買埋","特定","逆指値注文","-","市場価格が42,750円以上なら成行で執行(本日中)","-","制度(6ヶ月)","1","0","-","-","-","-","43,350.0","0","0"
"5346","","","約定","-","-","12/01 09:23:56","本日中","2025/12/01","ＮＦ日経レバ","1570 東証(SOR)","信用新規","売建","特定","通常注文","-","-","-","制度(6ヶ月)","1","1","-","-","42,520.0","42,520.0","43,350.0","42,520","0"
"5345","","","-","取消済","-","12/01 09:22:44","-","-","ＮＦ日経レバ","1570 東証(SOR)","信用返済","買埋","特定","逆指値注文","-","市場価格が42,750円以上なら成行で執行(本日中)","-","制度(6ヶ月)","1","0","-","-","-","-","43,350.0","0","0"
"5344","","","約定","-","-","12/01 09:22:39","本日中","2025/12/01","ＮＦ日経レバ","1570 東証(SOR)","信用新規","売建","特定","通常注文","-","-","-","制度(6ヶ月)","1","1","-","-","42,540.0","42,540.0","43,350.0","42,540","0"
"5343","","","約定","市場執行済","-","12/01 09:22:33","本日中","2025/12/01","ＮＦ日経レバ","1570 東証(SOR)","信用返済","売埋","特定","通常注文","-","-","-","一般(1日)","1","1","-","-","42,570.0","42,575.0","43,350.0","42,575","0"
"5342","","","約定","市場執行済","-","12/01 09:22:32","本日中","2025/12/01","ＮＦ日経レバ","1570 東証(SOR)","信用返済","売埋","特定","通常注文","-","-","-","一般(1日)","1","1","-","-","42,570.0","42,580.0","43,350.0","42,580","0"
"5341","","","約定","-","-","12/01 09:20:01","本日中","2025/12/01","ＮＦ日経レバ","1570 東証(SOR)","信用新規","買建","特定","通常注文","-","-","-","一般(1日)","1","1","-","-","42,720.0","42,705.0","43,350.0","42,705","0"
"5340","","","-","取消済","-","12/01 09:19:01","-","-","ＮＦ日経レバ","1570 東証(SOR)","信用返済","売埋","特定","逆指値注文","-","市場価格が42,530円以下なら成行で執行(本日中)","-","一般(1日)","1","0","-","-","-","-","43,350.0","0","0"
"5339","","","約定","-","-","12/01 09:19:00","本日中","2025/12/01","ＮＦ日経レバ","1570 東証(SOR)","信用新規","買建","特定","通常注文","-","-","-","一般(1日)","1","1","-","-","42,720.0","42,715.0","43,350.0","42,715","0"
"5338","","","約定","市場執行済","-","12/01 09:18:51","本日中","2025/12/01","ＮＦ日経レバ","1570 東証(SOR)","信用返済","買埋","特定","通常注文","-","-","-","制度(6ヶ月)","1","1","-","-","42,750.0","42,750.0","43,350.0","42,750","0"
"5337","","","約定","-","-","12/01 09:18:30","本日中","2025/12/01","ＮＦ日経レバ","1570 東証(SOR)","信用新規","売建","特定","通常注文","-","-","-","制度(6ヶ月)","1","1","-","-","42,770.0","42,770.0","43,350.0","42,770","0"
"5336","","","約定","市場執行済","-","12/01 09:18:08","本日中","2025/12/01","ＮＦ日経レバ","1570 東証(SOR)","信用返済","買埋","特定","通常注文","-","-","-","制度(6ヶ月)","1","1","-","-","42,790.0","42,790.0","43,350.0","42,790","0"
"5335","","","-","取消済","-","12/01 09:16:33","-","-","ＮＦ日経レバ","1570 東証(SOR)","信用返済","買埋","特定","逆指値注文","-","市場価格が42,870円以上なら成行で執行(本日中)","-","制度(6ヶ月)","1","0","-","-","-","-","43,350.0","0","0"
"5334","","","約定","-","-","12/01 09:16:32","本日中","2025/12/01","ＮＦ日経レバ","1570 東証(SOR)","信用新規","売建","特定","通常注文","-","-","-","制度(6ヶ月)","1","1","-","-","42,680.0","42,680.0","43,350.0","42,680","0"
"5333","","","約定","市場執行済","-","12/01 09:15:46","本日中","2025/12/01","ＮＦ日経レバ","1570 東証(SOR)","信用返済","買埋","特定","通常注文","-","-","-","制度(6ヶ月)","1","1","-","-","42,730.0","42,730.0","43,350.0","42,730","0"
"5332","","","約定","市場執行済","-","12/01 09:15:45","本日中","2025/12/01","ＮＦ日経レバ","1570 東証(SOR)","信用返済","買埋","特定","通常注文","-","-","-","制度(6ヶ月)","1","1","-","-","42,730.0","42,730.0","43,350.0","42,730","0"
"5331","","","-","取消済","-","12/01 09:13:16","-","-","ＮＦ日経レバ","1570 東証(SOR)","信用返済","買埋","特定","逆指値注文","-","市場価格が42,800円以上なら成行で執行(本日中)","-","制度(6ヶ月)","1","0","-","-","-","-","43,350.0","0","0"
"5330","","","-","取消済","-","12/01 09:13:15","-","-","ＮＦ日経レバ","1570 東証(SOR)","信用返済","買埋","特定","逆指値注文","-","市場価格が42,850円以上なら成行で執行(本日中)","-","制度(6ヶ月)","1","0","-","-","-","-","43,350.0","0","0"
"5329","","","約定","-","-","12/01 09:13:13","本日中","2025/12/01","ＮＦ日経レバ","1570 東証(SOR)","信用新規","売建","特定","通常注文","-","-","-","制度(6ヶ月)","1","1","-","-","42,610.0","42,610.0","43,350.0","42,610","0"
"5328","","","-","取消済","-","12/01 09:12:45","-","-","ＮＦ日経レバ","1570 東証(SOR)","信用返済","買埋","特定","逆指値注文","-","市場価格が42,850円以上なら成行で執行(本日中)","-","制度(6ヶ月)","1","0","-","-","-","-","43,350.0","0","0"
"5327","","","約定","-","-","12/01 09:12:39","本日中","2025/12/01","ＮＦ日経レバ","1570 東証(SOR)","信用新規","売建","特定","通常注文","-","-","-","制度(6ヶ月)","1","1","-","-","42,630.0","42,630.0","43,350.0","42,630","0"
"5326","","","約定","市場執行済","-","12/01 09:11:19","本日中","2025/12/01","ＮＦ日経レバ","1570 東証(SOR)","信用返済","買埋","特定","通常注文","-","-","-","制度(6ヶ月)","1","1","-","-","42,670.0","42,650.0","43,350.0","42,650","0"
"5325","","","約定","市場執行済","-","12/01 09:11:18","本日中","2025/12/01","ＮＦ日経レバ","1570 東証(SOR)","信用返済","買埋","特定","通常注文","-","-","-","制度(6ヶ月)","1","1","-","-","42,670.0","42,650.0","43,350.0","42,650","0"
"5324","","","約定","-","-","12/01 09:10:42","本日中","2025/12/01","ＮＦ日経レバ","1570 東証(SOR)","信用新規","売建","特定","通常注文","-","-","-","制度(6ヶ月)","1","1","-","-","42,720.0","42,720.0","43,350.0","42,720","0"
"5323","","","-","取消済","-","12/01 09:10:27","-","-","ＮＦ日経レバ","1570 東証(SOR)","信用返済","買埋","特定","逆指値注文","-","市場価格が42,960円以上なら成行で執行(本日中)","-","制度(6ヶ月)","1","0","-","-","-","-","43,350.0","0","0"
"5322","","","約定","-","-","12/01 09:10:25","本日中","2025/12/01","ＮＦ日経レバ","1570 東証(SOR)","信用新規","売建","特定","通常注文","-","-","-","制度(6ヶ月)","1","1","-","-","42,770.0","42,770.0","43,350.0","42,770","0"
"5321","","","約定","市場執行済","-","12/01 09:08:08","本日中","2025/12/01","ＮＦ日経レバ","1570 東証(SOR)","信用返済","買埋","特定","通常注文","-","-","-","制度(6ヶ月)","1","1","-","-","42,760.0","42,760.0","43,350.0","42,760","0"
"5320","","","約定","市場執行済","-","12/01 09:08:07","本日中","2025/12/01","ＮＦ日経レバ","1570 東証(SOR)","信用返済","買埋","特定","通常注文","-","-","-","制度(6ヶ月)","1","1","-","-","42,760.0","42,750.0","43,350.0","42,750","0"
"5319","","","約定","市場執行済","-","12/01 09:08:06","本日中","2025/12/01","ＮＦ日経レバ","1570 東証(SOR)","信用返済","買埋","特定","通常注文","-","-","-","制度(6ヶ月)","1","1","-","-","42,760.0","42,750.0","43,350.0","42,750","0"
"5318","","","取消済（出来無）","市場執行済","-","12/01 09:06:38","本日中","2025/12/01","ＮＦ日経レバ","1570 東証(SOR)","信用返済","買埋","特定","通常注文","-","-","-","制度(6ヶ月)","1","0","-","-","42,780.0","-","43,350.0","0","0"
"5317","","","取消済（出来無）","市場執行済","-","12/01 09:06:38","本日中","2025/12/01","ＮＦ日経レバ","1570 東証(SOR)","信用返済","買埋","特定","通常注文","-","-","-","制度(6ヶ月)","1","0","-","-","42,780.0","-","43,350.0","0","0"
"5316","","","取消済（出来無）","市場執行済","-","12/01 09:06:37","本日中","2025/12/01","ＮＦ日経レバ","1570 東証(SOR)","信用返済","買埋","特定","通常注文","-","-","-","制度(6ヶ月)","1","0","-","-","42,780.0","-","43,350.0","0","0"
"5315","","","約定","-","-","12/01 09:05:42","本日中","2025/12/01","ＮＦ日経レバ","1570 東証(SOR)","信用新規","売建","特定","通常注文","-","-","-","制度(6ヶ月)","1","1","-","-","42,810.0","42,810.0","43,350.0","42,810","0"
"5314","","","-","取消済","-","12/01 09:05:32","-","-","ＮＦ日経レバ","1570 東証(SOR)","信用返済","買埋","特定","逆指値注文","-","市場価格が43,020円以上なら成行で執行(本日中)","-","制度(6ヶ月)","1","0","-","-","-","-","43,350.0","0","0"
"5313","","","-","取消済","-","12/01 09:05:31","-","-","ＮＦ日経レバ","1570 東証(SOR)","信用返済","買埋","特定","逆指値注文","-","市場価格が42,970円以上なら成行で執行(本日中)","-","制度(6ヶ月)","1","0","-","-","-","-","43,350.0","0","0"
"5312","","","約定","-","-","12/01 09:05:30","本日中","2025/12/01","ＮＦ日経レバ","1570 東証(SOR)","信用新規","売建","特定","通常注文","-","-","-","制度(6ヶ月)","1","1","-","-","42,830.0","42,840.0","43,350.0","42,840","0"
"5311","","","-","取消済","-","12/01 09:05:07","-","-","ＮＦ日経レバ","1570 東証(SOR)","信用返済","買埋","特定","逆指値注文","-","市場価格が42,970円以上なら成行で執行(本日中)","-","制度(6ヶ月)","1","0","-","-","-","-","43,350.0","0","0"
"5310","","","-","取消済","-","12/01 09:05:03","-","-","ＮＦ日経レバ","1570 東証(SOR)","信用返済","買埋","特定","逆指値注文","-","市場価格が43,110円以上なら成行で執行(本日中)","-","制度(6ヶ月)","1","0","-","-","-","-","43,350.0","0","0"
"5309","","","-","取消済","-","12/01 09:04:41","-","-","ＮＦ日経レバ","1570 東証(SOR)","信用返済","買埋","特定","逆指値注文","-","市場価格が43,250円以上なら成行で執行(本日中)","-","制度(6ヶ月)","1","0","-","-","-","-","43,350.0","0","0"
"5308","","","約定","-","-","12/01 09:04:16","本日中","2025/12/01","ＮＦ日経レバ","1570 東証(SOR)","信用新規","売建","特定","通常注文","-","-","-","制度(6ヶ月)","1","1","-","-","42,840.0","42,850.0","43,350.0","42,850","0"
"5307","","","約定","市場執行済","-","12/01 09:04:04","本日中","2025/12/01","ＮＦ日経レバ","1570 東証(SOR)","信用返済","買埋","特定","通常注文","-","-","-","制度(6ヶ月)","1","1","-","-","42,970.0","42,960.0","43,350.0","42,960","0"
"5306","","","約定","市場執行済","-","12/01 09:04:03","本日中","2025/12/01","ＮＦ日経レバ","1570 東証(SOR)","信用返済","買埋","特定","通常注文","-","-","-","制度(6ヶ月)","1","1","-","-","42,970.0","42,960.0","43,350.0","42,960","0"
"5305","","","約定","-","-","12/01 09:02:57","本日中","2025/12/01","ＮＦ日経レバ","1570 東証(SOR)","信用新規","売建","特定","通常注文","-","-","-","制度(6ヶ月)","1","1","-","-","43,010.0","43,020.0","43,350.0","43,020","0"
"5304","","","-","取消済","-","12/01 09:02:51","-","-","ＮＦ日経レバ","1570 東証(SOR)","信用返済","買埋","特定","逆指値注文","-","市場価格が43,250円以上なら成行で執行(本日中)","-","制度(6ヶ月)","1","0","-","-","-","-","43,350.0","0","0"
"5303","","","約定","-","-","12/01 09:02:48","本日中","2025/12/01","ＮＦ日経レバ","1570 東証(SOR)","信用新規","売建","特定","通常注文","-","-","-","制度(6ヶ月)","1","1","-","-","43,060.0","43,070.0","43,350.0","43,070","0"
"5302","","","約定","-","-","11/28 09:18:47","本日中","2025/11/28","ＮＦ日経レバ","1570 東証(SOR)","信用返済","買埋","特定","通常注文","-","-","-","制度(6ヶ月)","2","2","-","-","42,750.0","42,750.0","43,350.0","85,500","0"
"5301","","","約定","-","-","11/28 09:17:44","本日中","2025/11/28","ＮＦ日経レバ","1570 東証(SOR)","信用新規","売建","特定","通常注文","-","-","-","制度(6ヶ月)","1","1","-","-","42,790.0","42,790.0","43,350.0","42,790","0"
"5300","","","約定","-","-","11/28 09:14:33","本日中","2025/11/28","ＮＦ日経レバ","1570 東証(SOR)","信用新規","売建","特定","通常注文","-","-","-","制度(6ヶ月)","1","1","-","-","42,790.0","42,790.0","43,350.0","42,790","0"
"5299","","","約定","-","-","11/28 09:13:12","本日中","2025/11/28","ＮＦ日経レバ","1570 東証(SOR)","信用返済","買埋","特定","通常注文","-","-","-","制度(6ヶ月)","2","2","-","-","42,850.0","42,850.0","43,350.0","85,700","0"
"5298","","","-","取消済","-","11/28 09:10:14","-","-","ＮＦ日経レバ","1570 東証(SOR)","信用返済","買埋","特定","逆指値注文","-","市場価格が43,110円以上なら成行で執行(本日中)","-","制度(6ヶ月)","1","0","-","-","-","-","43,350.0","0","0"
"5297","","","-","取消済","-","11/28 09:10:12","-","-","ＮＦ日経レバ","1570 東証(SOR)","信用返済","買埋","特定","逆指値注文","-","市場価格が43,130円以上なら成行で執行(本日中)","-","制度(6ヶ月)","1","0","-","-","-","-","43,350.0","0","0"
"5296","","","約定","-","-","11/28 09:10:07","本日中","2025/11/28","ＮＦ日経レバ","1570 東証(SOR)","信用新規","売建","特定","通常注文","-","-","-","制度(6ヶ月)","1","1","-","-","42,880.0","42,900.0","43,350.0","42,900","0"
"5295","","","-","取消済","-","11/28 09:09:52","-","-","ＮＦ日経レバ","1570 東証(SOR)","信用返済","買埋","特定","逆指値注文","-","市場価格が43,130円以上なら成行で執行(本日中)","-","制度(6ヶ月)","1","0","-","-","-","-","43,350.0","0","0"
"5294","","","約定","-","-","11/28 09:09:50","本日中","2025/11/28","ＮＦ日経レバ","1570 東証(SOR)","信用新規","売建","特定","通常注文","-","-","-","制度(6ヶ月)","1","1","-","-","42,940.0","42,940.0","43,350.0","42,940","0"
"5293","","","約定","市場執行済","-","11/28 09:09:13","本日中","2025/11/28","ＮＦ日経レバ","1570 東証(SOR)","信用返済","買埋","特定","通常注文","-","-","-","制度(6ヶ月)","1","1","-","-","42,980.0","42,980.0","43,350.0","42,980","0"
"5292","","","約定","-","-","11/28 09:07:52","本日中","2025/11/28","ＮＦ日経レバ","1570 東証(SOR)","信用新規","売建","特定","通常注文","-","-","-","制度(6ヶ月)","1","1","-","-","42,870.0","42,880.0","43,350.0","42,880","0"
"5291","","","約定","市場執行済","-","11/28 09:07:31","本日中","2025/11/28","ＮＦ日経レバ","1570 東証(SOR)","信用返済","売埋","特定","通常注文","-","-","-","一般(1日)","1","1","-","-","42,840.0","42,860.0","43,350.0","42,860","0"
"5290","","","約定","-","-","11/28 09:07:17","本日中","2025/11/28","ＮＦ日経レバ","1570 東証(SOR)","信用新規","買建","特定","通常注文","-","-","-","一般(1日)","1","1","-","-","42,920.0","42,900.0","43,350.0","42,900","0"
"5289","","","約定","市場執行済","-","11/27 09:30:38","本日中","2025/11/27","ＮＦ日経レバ","1570 東証(SOR)","信用返済","売埋","特定","通常注文","-","-","-","一般(1日)","1","1","-","-","43,080.0","43,080.0","43,350.0","43,080","0"
"5288","","","約定","市場執行済","-","11/27 09:30:37","本日中","2025/11/27","ＮＦ日経レバ","1570 東証(SOR)","信用返済","売埋","特定","通常注文","-","-","-","一般(1日)","1","1","-","-","43,080.0","43,080.0","43,350.0","43,080","0"
"5287","","","約定","市場執行済","-","11/27 09:30:36","本日中","2025/11/27","ＮＦ日経レバ","1570 東証(SOR)","信用返済","売埋","特定","通常注文","-","-","-","一般(1日)","1","1","-","-","43,080.0","43,080.0","43,350.0","43,080","0"
"5286","","","-","取消済","-","11/27 09:26:57","-","-","ＮＦ日経レバ","1570 東証(SOR)","信用返済","売埋","特定","逆指値注文","-","市場価格が42,860円以下なら成行で執行(本日中)","-","一般(1日)","1","0","-","-","-","-","43,350.0","0","0"
"5285","","","-","取消済","-","11/27 09:26:23","-","-","ＮＦ日経レバ","1570 東証(SOR)","信用返済","売埋","特定","逆指値注文","-","市場価格が42,840円以下なら成行で執行(本日中)","-","一般(1日)","1","0","-","-","-","-","43,350.0","0","0"
"5284","","","-","取消済","-","11/27 09:26:20","-","-","ＮＦ日経レバ","1570 東証(SOR)","信用返済","売埋","特定","逆指値注文","-","市場価格が42,820円以下なら成行で執行(本日中)","-","一般(1日)","1","0","-","-","-","-","43,350.0","0","0"
"5283","","","-","取消済","-","11/27 09:26:19","-","-","ＮＦ日経レバ","1570 東証(SOR)","信用返済","売埋","特定","逆指値注文","-","市場価格が42,830円以下なら成行で執行(本日中)","-","一般(1日)","1","0","-","-","-","-","43,350.0","0","0"
"5282","","","約定","-","-","11/27 09:26:12","本日中","2025/11/27","ＮＦ日経レバ","1570 東証(SOR)","信用新規","買建","特定","通常注文","-","-","-","一般(1日)","1","1","-","-","43,030.0","43,030.0","43,350.0","43,030","0"
"5281","","","-","取消済","-","11/27 09:25:53","-","-","ＮＦ日経レバ","1570 東証(SOR)","信用返済","売埋","特定","逆指値注文","-","市場価格が42,830円以下なら成行で執行(本日中)","-","一般(1日)","1","0","-","-","-","-","43,350.0","0","0"
"5280","","","-","取消済","-","11/27 09:25:50","-","-","ＮＦ日経レバ","1570 東証(SOR)","信用返済","売埋","特定","逆指値注文","-","市場価格が42,820円以下なら成行で執行(本日中)","-","一般(1日)","1","0","-","-","-","-","43,350.0","0","0"
"5279","","","約定","-","-","11/27 09:25:50","本日中","2025/11/27","ＮＦ日経レバ","1570 東証(SOR)","信用新規","買建","特定","通常注文","-","-","-","一般(1日)","1","1","-","-","43,020.0","43,020.0","43,350.0","43,020","0"
"5278","","","-","取消済","-","11/27 09:25:37","-","-","ＮＦ日経レバ","1570 東証(SOR)","信用返済","売埋","特定","逆指値注文","-","市場価格が42,820円以下なら成行で執行(本日中)","-","一般(1日)","1","0","-","-","-","-","43,350.0","0","0"
"5277","","","約定","-","-","11/27 09:25:33","本日中","2025/11/27","ＮＦ日経レバ","1570 東証(SOR)","信用新規","買建","特定","通常注文","-","-","-","一般(1日)","1","1","-","-","43,010.0","43,010.0","43,350.0","43,010","0"
"5276","","","約定","市場執行済","-","11/27 09:25:06","本日中","2025/11/27","ＮＦ日経レバ","1570 東証(SOR)","信用返済","買埋","特定","通常注文","-","-","-","制度(6ヶ月)","1","1","-","-","42,970.0","42,970.0","43,350.0","42,970","0"
"5275","","","約定","-","-","11/27 09:24:07","本日中","2025/11/27","ＮＦ日経レバ","1570 東証(SOR)","信用新規","売建","特定","通常注文","-","-","-","制度(6ヶ月)","1","1","-","-","42,960.0","42,970.0","43,350.0","42,970","0"
"5274","","","約定","市場執行済","-","11/27 09:24:02","本日中","2025/11/27","ＮＦ日経レバ","1570 東証(SOR)","信用返済","売埋","特定","通常注文","-","-","-","一般(1日)","1","1","-","-","42,960.0","42,960.0","43,350.0","42,960","0"
"5273","","","約定","-","-","11/27 09:22:10","本日中","2025/11/27","ＮＦ日経レバ","1570 東証(SOR)","信用新規","買建","特定","通常注文","-","-","-","一般(1日)","1","1","-","-","43,020.0","43,020.0","43,350.0","43,020","0"
"5272","","","約定","市場執行済","-","11/27 09:22:04","本日中","2025/11/27","ＮＦ日経レバ","1570 東証(SOR)","信用返済","買埋","特定","通常注文","-","-","-","制度(6ヶ月)","1","1","-","-","43,030.0","43,030.0","43,350.0","43,030","0"
"5271","","","約定","-","-","11/27 09:21:46","本日中","2025/11/27","ＮＦ日経レバ","1570 東証(SOR)","信用新規","売建","特定","通常注文","-","-","-","制度(6ヶ月)","1","1","-","-","43,010.0","43,010.0","43,350.0","43,010","0"
"5270","","","約定","市場執行済","-","11/27 09:21:36","本日中","2025/11/27","ＮＦ日経レバ","1570 東証(SOR)","信用返済","買埋","特定","通常注文","-","-","-","制度(6ヶ月)","1","1","-","-","成行","43,000.0","43,350.0","43,000","0"
"5269","","","-","取消済","-","11/27 09:21:10","-","-","ＮＦ日経レバ","1570 東証(SOR)","信用返済","買埋","特定","逆指値注文","-","市場価格が43,090円以上なら成行で執行(本日中)","-","制度(6ヶ月)","1","0","-","-","-","-","43,350.0","0","0"
"5268","","","-","取消済","-","11/27 09:21:06","-","-","ＮＦ日経レバ","1570 東証(SOR)","信用返済","買埋","特定","逆指値注文","-","市場価格が43,110円以上なら成行で執行(本日中)","-","制度(6ヶ月)","1","0","-","-","-","-","43,350.0","0","0"
"5267","","","-","取消済","-","11/27 09:21:02","-","-","ＮＦ日経レバ","1570 東証(SOR)","信用返済","買埋","特定","逆指値注文","-","市場価格が43,130円以上なら成行で執行(本日中)","-","制度(6ヶ月)","1","0","-","-","-","-","43,350.0","0","0"
"5266","","","約定","-","-","11/27 09:21:00","本日中","2025/11/27","ＮＦ日経レバ","1570 東証(SOR)","信用新規","売建","特定","通常注文","-","-","-","制度(6ヶ月)","1","1","-","-","42,940.0","42,960.0","43,350.0","42,960","0"
"5265","","","約定","市場執行済","-","11/27 09:16:16","本日中","2025/11/27","ＮＦ日経レバ","1570 東証(SOR)","信用返済","売埋","特定","通常注文","-","-","-","一般(1日)","1","1","-","-","42,970.0","42,970.0","43,350.0","42,970","0"
"5264","","","約定","市場執行済","-","11/27 09:16:16","本日中","2025/11/27","ＮＦ日経レバ","1570 東証(SOR)","信用返済","売埋","特定","通常注文","-","-","-","一般(1日)","1","1","-","-","42,970.0","42,970.0","43,350.0","42,970","0"
"5263","","","約定","市場執行済","-","11/27 09:16:14","本日中","2025/11/27","ＮＦ日経レバ","1570 東証(SOR)","信用返済","売埋","特定","通常注文","-","-","-","一般(1日)","1","1","-","-","42,970.0","42,970.0","43,350.0","42,970","0"
"5262","","","約定","-","-","11/27 09:11:03","本日中","2025/11/27","ＮＦ日経レバ","1570 東証(SOR)","信用新規","買建","特定","通常注文","-","-","-","一般(1日)","1","1","-","-","42,850.0","42,850.0","43,350.0","42,850","0"
"5261","","","-","取消済","-","11/27 09:10:57","-","-","ＮＦ日経レバ","1570 東証(SOR)","信用返済","売埋","特定","逆指値注文","-","市場価格が42,660円以下なら成行で執行(本日中)","-","一般(1日)","1","0","-","-","-","-","43,350.0","0","0"
"5260","","","-","取消済","-","11/27 09:10:54","-","-","ＮＦ日経レバ","1570 東証(SOR)","信用返済","売埋","特定","逆指値注文","-","市場価格が42,690円以下なら成行で執行(本日中)","-","一般(1日)","1","0","-","-","-","-","43,350.0","0","0"
"5259","","","約定","-","-","11/27 09:10:53","本日中","2025/11/27","ＮＦ日経レバ","1570 東証(SOR)","信用新規","買建","特定","通常注文","-","-","-","一般(1日)","1","1","-","-","42,850.0","42,845.0","43,350.0","42,845","0"
"5258","","","-","取消済","-","11/27 09:09:25","-","-","ＮＦ日経レバ","1570 東証(SOR)","信用返済","売埋","特定","逆指値注文","-","市場価格が42,670円以下なら成行で執行(本日中)","-","一般(1日)","1","0","-","-","-","-","43,350.0","0","0"
"5257","","","-","取消済","-","11/27 09:09:00","-","-","ＮＦ日経レバ","1570 東証(SOR)","信用返済","売埋","特定","逆指値注文","-","市場価格が42,620円以下なら成行で執行(本日中)","-","一般(1日)","1","0","-","-","-","-","43,350.0","0","0"
"5256","","","約定","-","-","11/27 09:08:55","本日中","2025/11/27","ＮＦ日経レバ","1570 東証(SOR)","信用新規","買建","特定","通常注文","-","-","-","一般(1日)","1","1","-","-","42,840.0","42,840.0","43,350.0","42,840","0"
"5255","","","約定","市場執行済","-","11/27 09:07:38","本日中","2025/11/27","ＮＦ日経レバ","1570 東証(SOR)","信用返済","売埋","特定","通常注文","-","-","-","一般(1日)","1","1","-","-","成行","42,790.0","43,350.0","42,790","0"
"5254","","","約定","市場執行済","-","11/27 09:07:38","本日中","2025/11/27","ＮＦ日経レバ","1570 東証(SOR)","信用返済","売埋","特定","通常注文","-","-","-","一般(1日)","1","1","-","-","成行","42,790.0","43,350.0","42,790","0"
"5253","","","約定","市場執行済","-","11/27 09:07:45","本日中","2025/11/27","ＮＦ日経レバ","1570 東証(SOR)","信用返済","売埋","特定","通常注文","-","-","-","一般(1日)","1","1","-","-","成行","42,760.0","43,350.0","42,760","0"
"5252","","","-","取消済","-","11/27 09:07:02","-","-","ＮＦ日経レバ","1570 東証(SOR)","信用返済","売埋","特定","逆指値注文","-","市場価格が42,730円以下なら成行で執行(本日中)","-","一般(1日)","1","0","-","-","-","-","43,350.0","0","0"
"5251","","","-","取消済","-","11/27 09:07:01","-","-","ＮＦ日経レバ","1570 東証(SOR)","信用返済","売埋","特定","逆指値注文","-","市場価格が42,690円以下なら成行で執行(本日中)","-","一般(1日)","1","0","-","-","-","-","43,350.0","0","0"
"5250","","","取消済（出来無）","市場執行済","-","11/27 09:06:10","本日中","2025/11/27","ＮＦ日経レバ","1570 東証(SOR)","信用返済","売埋","特定","通常注文","-","-","-","一般(1日)","1","0","-","-","42,970.0","-","43,350.0","0","0"
"5249","","","取消済（出来無）","市場執行済","-","11/27 09:06:09","本日中","2025/11/27","ＮＦ日経レバ","1570 東証(SOR)","信用返済","売埋","特定","通常注文","-","-","-","一般(1日)","1","0","-","-","42,970.0","-","43,350.0","0","0"
"5248","","","取消済（出来無）","市場執行済","-","11/27 09:06:08","本日中","2025/11/27","ＮＦ日経レバ","1570 東証(SOR)","信用返済","売埋","特定","通常注文","-","-","-","一般(1日)","1","0","-","-","42,970.0","-","43,350.0","0","0"
"5247","","","約定","-","-","11/27 09:05:32","本日中","2025/11/27","ＮＦ日経レバ","1570 東証(SOR)","信用新規","買建","特定","通常注文","-","-","-","一般(1日)","1","1","-","-","42,920.0","42,920.0","43,350.0","42,920","0"
"5246","","","-","取消済","-","11/27 09:05:16","-","-","ＮＦ日経レバ","1570 東証(SOR)","信用返済","売埋","特定","逆指値注文","-","市場価格が42,690円以下なら成行で執行(本日中)","-","一般(1日)","1","0","-","-","-","-","43,350.0","0","0"
"5245","","","-","取消済","-","11/27 09:05:14","-","-","ＮＦ日経レバ","1570 東証(SOR)","信用返済","売埋","特定","逆指値注文","-","市場価格が42,690円以下なら成行で執行(本日中)","-","一般(1日)","1","0","-","-","-","-","43,350.0","0","0"
"5244","","","約定","-","-","11/27 09:05:13","本日中","2025/11/27","ＮＦ日経レバ","1570 東証(SOR)","信用新規","買建","特定","通常注文","-","-","-","一般(1日)","1","1","-","-","42,880.0","42,880.0","43,350.0","42,880","0"
"5243","","","-","取消済","-","11/27 09:04:45","-","-","ＮＦ日経レバ","1570 東証(SOR)","信用返済","売埋","特定","逆指値注文","-","市場価格が42,690円以下なら成行で執行(本日中)","-","一般(1日)","1","0","-","-","-","-","43,350.0","0","0"
"5242","","","-","取消済","-","11/27 09:04:19","-","-","ＮＦ日経レバ","1570 東証(SOR)","信用返済","売埋","特定","逆指値注文","-","市場価格が42,660円以下なら成行で執行(本日中)","-","一般(1日)","1","0","-","-","-","-","43,350.0","0","0"
"5241","","","約定","-","-","11/27 09:04:17","本日中","2025/11/27","ＮＦ日経レバ","1570 東証(SOR)","信用新規","買建","特定","通常注文","-","-","-","一般(1日)","1","1","-","-","42,850.0","42,840.0","43,350.0","42,840","0"
"5240","","","約定","市場執行済","-","11/27 09:04:10","本日中","2025/11/27","ＮＦ日経レバ","1570 東証(SOR)","信用返済","売埋","特定","通常注文","-","-","-","一般(1日)","1","1","-","-","42,790.0","42,820.0","43,350.0","42,820","0"
"5239","","","約定","市場執行済","-","11/27 09:04:09","本日中","2025/11/27","ＮＦ日経レバ","1570 東証(SOR)","信用返済","売埋","特定","通常注文","-","-","-","一般(1日)","1","1","-","-","42,790.0","42,815.0","43,350.0","42,815","0"
"5238","","","-","取消済","-","11/27 09:03:11","-","-","ＮＦ日経レバ","1570 東証(SOR)","信用返済","売埋","特定","逆指値注文","-","市場価格が42,690円以下なら成行で執行(本日中)","-","一般(1日)","1","0","-","-","-","-","43,350.0","0","0"
"5237","","","約定","-","-","11/27 09:03:10","本日中","2025/11/27","ＮＦ日経レバ","1570 東証(SOR)","信用新規","買建","特定","通常注文","-","-","-","一般(1日)","1","1","-","-","42,850.0","42,795.0","43,350.0","42,795","0"
"5236","","","-","取消済","-","11/27 09:02:58","-","-","ＮＦ日経レバ","1570 東証(SOR)","信用返済","売埋","特定","逆指値注文","-","市場価格が42,690円以下なら成行で執行(本日中)","-","一般(1日)","1","0","-","-","-","-","43,350.0","0","0"
"5235","","","-","取消済","-","11/27 09:02:29","-","-","ＮＦ日経レバ","1570 東証(SOR)","信用返済","売埋","特定","逆指値注文","-","市場価格が42,620円以下なら成行で執行(本日中)","-","一般(1日)","1","0","-","-","-","-","43,350.0","0","0"
"5234","","","約定","-","-","11/27 09:02:22","本日中","2025/11/27","ＮＦ日経レバ","1570 東証(SOR)","信用新規","買建","特定","通常注文","-","-","-","一般(1日)","1","1","-","-","42,840.0","42,840.0","43,350.0","42,840","0"
"5233","","","約定","市場執行済","-","11/27 09:01:53","本日中","2025/11/27","ＮＦ日経レバ","1570 東証(SOR)","信用返済","売埋","特定","通常注文","-","-","-","一般(1日)","1","1","-","-","42,780.0","42,780.0","43,350.0","42,780","0"
"5232","","","約定","-","-","11/27 09:01:16","本日中","2025/11/27","ＮＦ日経レバ","1570 東証(SOR)","信用新規","買建","特定","通常注文","-","-","-","一般(1日)","1","1","-","-","42,750.0","42,750.0","43,350.0","42,750","0"
"5231","","","約定","市場執行済","-","11/26 09:55:32","本日中","2025/11/26","ＮＦ日経レバ","1570 東証(SOR)","信用返済","売埋","特定","通常注文","-","-","-","一般(1日)","1","1","-","-","成行","41,570.0","43,350.0","41,570","0"
"5230","","","-","取消済","-","11/26 09:55:23","-","-","ＮＦ日経レバ","1570 東証(SOR)","信用返済","売埋","特定","逆指値注文","-","市場価格が41,560円以下なら成行で執行(本日中)","-","一般(1日)","1","0","-","-","-","-","43,350.0","0","0"
"5229","","","-","取消済","-","11/26 09:54:31","-","-","ＮＦ日経レバ","1570 東証(SOR)","信用返済","売埋","特定","逆指値注文","-","市場価格が41,430円以下なら成行で執行(本日中)","-","一般(1日)","1","0","-","-","-","-","43,350.0","0","0"
"5228","","","約定","-","-","11/26 09:54:29","本日中","2025/11/26","ＮＦ日経レバ","1570 東証(SOR)","信用新規","買建","特定","通常注文","-","-","-","一般(1日)","1","1","-","-","41,620.0","41,620.0","43,350.0","41,620","0"
"5227","","","約定","市場執行済","-","11/26 09:53:58","本日中","2025/11/26","ＮＦ日経レバ","1570 東証(SOR)","信用返済","売埋","特定","通常注文","-","-","-","一般(1日)","1","1","-","-","41,580.0","41,580.0","43,350.0","41,580","0"
"5226","","","約定","市場執行済","-","11/26 09:53:57","本日中","2025/11/26","ＮＦ日経レバ","1570 東証(SOR)","信用返済","売埋","特定","通常注文","-","-","-","一般(1日)","1","1","-","-","41,580.0","41,580.0","43,350.0","41,580","0"
"5225","","","約定","市場執行済","-","11/26 09:53:56","本日中","2025/11/26","ＮＦ日経レバ","1570 東証(SOR)","信用返済","売埋","特定","通常注文","-","-","-","一般(1日)","1","1","-","-","41,580.0","41,580.0","43,350.0","41,580","0"
"5224","","","約定","-","-","11/26 09:50:50","本日中","2025/11/26","ＮＦ日経レバ","1570 東証(SOR)","信用新規","買建","特定","通常注文","-","-","-","一般(1日)","1","1","-","-","41,530.0","41,515.0","43,350.0","41,515","0"
"5223","","","-","取消済","-","11/26 09:50:28","-","-","ＮＦ日経レバ","1570 東証(SOR)","信用返済","売埋","特定","逆指値注文","-","市場価格が41,320円以下なら成行で執行(本日中)","-","一般(1日)","1","0","-","-","-","-","43,350.0","0","0"
"5222","","","-","取消済","-","11/26 09:50:25","-","-","ＮＦ日経レバ","1570 東証(SOR)","信用返済","売埋","特定","逆指値注文","-","市場価格が41,300円以下なら成行で執行(本日中)","-","一般(1日)","1","0","-","-","-","-","43,350.0","0","0"
"5221","","","約定","-","-","11/26 09:50:22","本日中","2025/11/26","ＮＦ日経レバ","1570 東証(SOR)","信用新規","買建","特定","通常注文","-","-","-","一般(1日)","1","1","-","-","41,510.0","41,510.0","43,350.0","41,510","0"
"5220","","","-","取消済","-","11/26 09:50:12","-","-","ＮＦ日経レバ","1570 東証(SOR)","信用返済","売埋","特定","逆指値注文","-","市場価格が41,300円以下なら成行で執行(本日中)","-","一般(1日)","1","0","-","-","-","-","43,350.0","0","0"
"5219","","","約定","-","-","11/26 09:50:06","本日中","2025/11/26","ＮＦ日経レバ","1570 東証(SOR)","信用新規","買建","特定","通常注文","-","-","-","一般(1日)","1","1","-","-","41,500.0","41,500.0","43,350.0","41,500","0"
"5218","","","約定","市場執行済","-","11/26 09:49:27","本日中","2025/11/26","ＮＦ日経レバ","1570 東証(SOR)","信用返済","売埋","特定","通常注文","-","-","-","一般(1日)","1","1","-","-","41,460.0","41,460.0","43,350.0","41,460","0"
"5217","","","約定","市場執行済","-","11/26 09:49:25","本日中","2025/11/26","ＮＦ日経レバ","1570 東証(SOR)","信用返済","売埋","特定","通常注文","-","-","-","一般(1日)","1","1","-","-","41,460.0","41,460.0","43,350.0","41,460","0"
"5216","","","-","取消済","-","11/26 09:48:19","-","-","ＮＦ日経レバ","1570 東証(SOR)","信用返済","売埋","特定","逆指値注文","-","市場価格が41,220円以下なら成行で執行(本日中)","-","一般(1日)","1","0","-","-","-","-","43,350.0","0","0"
"5215","","","-","取消済","-","11/26 09:48:14","-","-","ＮＦ日経レバ","1570 東証(SOR)","信用返済","売埋","特定","逆指値注文","-","市場価格が41,250円以下なら成行で執行(本日中)","-","一般(1日)","1","0","-","-","-","-","43,350.0","0","0"
"5214","","","取消済（出来無）","市場執行済","-","11/26 09:43:24","本日中","2025/11/26","ＮＦ日経レバ","1570 東証(SOR)","信用返済","売埋","特定","通常注文","-","-","-","一般(1日)","1","0","-","-","41,470.0","-","43,350.0","0","0"
"5213","","","取消済（出来無）","市場執行済","-","11/26 09:43:24","本日中","2025/11/26","ＮＦ日経レバ","1570 東証(SOR)","信用返済","売埋","特定","通常注文","-","-","-","一般(1日)","1","0","-","-","41,470.0","-","43,350.0","0","0"
"5212","","","約定","-","-","11/26 09:42:20","本日中","2025/11/26","ＮＦ日経レバ","1570 東証(SOR)","信用新規","買建","特定","通常注文","-","-","-","一般(1日)","1","1","-","-","41,440.0","41,440.0","43,350.0","41,440","0"
"5211","","","-","取消済","-","11/26 09:41:34","-","-","ＮＦ日経レバ","1570 東証(SOR)","信用返済","売埋","特定","逆指値注文","-","市場価格が41,220円以下なら成行で執行(本日中)","-","一般(1日)","1","0","-","-","-","-","43,350.0","0","0"
"5210","","","約定","-","-","11/26 09:41:26","本日中","2025/11/26","ＮＦ日経レバ","1570 東証(SOR)","信用新規","買建","特定","通常注文","-","-","-","一般(1日)","1","1","-","-","41,430.0","41,430.0","43,350.0","41,430","0"
"5209","","","約定","市場執行済","-","11/26 09:41:11","本日中","2025/11/26","ＮＦ日経レバ","1570 東証(SOR)","信用返済","売埋","特定","通常注文","-","-","-","一般(1日)","1","1","-","-","41,410.0","41,410.0","43,350.0","41,410","0"
"5208","","","約定","-","-","11/26 09:39:58","本日中","2025/11/26","ＮＦ日経レバ","1570 東証(SOR)","信用新規","買建","特定","通常注文","-","-","-","一般(1日)","1","1","-","-","41,410.0","41,400.0","43,350.0","41,400","0"
"5207","","","約定","市場執行済","-","11/26 09:39:33","本日中","2025/11/26","ＮＦ日経レバ","1570 東証(SOR)","信用返済","売埋","特定","通常注文","-","-","-","一般(1日)","1","1","-","-","成行","41,380.0","43,350.0","41,380","0"
"5206","","","約定","市場執行済","-","11/26 09:39:29","本日中","2025/11/26","ＮＦ日経レバ","1570 東証(SOR)","信用返済","売埋","特定","通常注文","-","-","-","一般(1日)","1","1","-","-","成行","41,380.0","43,350.0","41,380","0"
"5205","","","-","取消済","-","11/26 09:39:24","-","-","ＮＦ日経レバ","1570 東証(SOR)","信用返済","売埋","特定","逆指値注文","-","市場価格が41,330円以下なら成行で執行(本日中)","-","一般(1日)","1","0","-","-","-","-","43,350.0","0","0"
"5204","","","-","取消済","-","11/26 09:39:22","-","-","ＮＦ日経レバ","1570 東証(SOR)","信用返済","売埋","特定","逆指値注文","-","市場価格が41,370円以下なら成行で執行(本日中)","-","一般(1日)","1","0","-","-","-","-","43,350.0","0","0"
"5203","","","-","取消済","-","11/26 09:36:26","-","-","ＮＦ日経レバ","1570 東証(SOR)","信用返済","売埋","特定","逆指値注文","-","市場価格が41,290円以下なら成行で執行(本日中)","-","一般(1日)","1","0","-","-","-","-","43,350.0","0","0"
"5202","","","-","取消済","-","11/26 09:36:24","-","-","ＮＦ日経レバ","1570 東証(SOR)","信用返済","売埋","特定","逆指値注文","-","市場価格が41,280円以下なら成行で執行(本日中)","-","一般(1日)","1","0","-","-","-","-","43,350.0","0","0"
"5201","","","約定","-","-","11/26 09:36:23","本日中","2025/11/26","ＮＦ日経レバ","1570 東証(SOR)","信用新規","買建","特定","通常注文","-","-","-","一般(1日)","1","1","-","-","41,480.0","41,480.0","43,350.0","41,480","0"
"5200","","","約定","-","-","11/26 09:36:16","本日中","2025/11/26","ＮＦ日経レバ","1570 東証(SOR)","信用新規","買建","特定","通常注文","-","-","-","一般(1日)","1","1","-","-","41,470.0","41,470.0","43,350.0","41,470","0"
"5199","","","約定","市場執行済","-","11/26 09:36:03","本日中","2025/11/26","ＮＦ日経レバ","1570 東証(SOR)","信用返済","買埋","特定","通常注文","-","-","-","制度(6ヶ月)","1","1","-","-","成行","41,470.0","43,350.0","41,470","0"
"5198","","","約定","市場執行済","-","11/26 09:35:53","本日中","2025/11/26","ＮＦ日経レバ","1570 東証(SOR)","信用返済","買埋","特定","通常注文","-","-","-","制度(6ヶ月)","1","1","-","-","41,460.0","41,460.0","43,350.0","41,460","0"
"5197","","","約定","市場執行済","-","11/26 09:35:52","本日中","2025/11/26","ＮＦ日経レバ","1570 東証(SOR)","信用返済","買埋","特定","通常注文","-","-","-","制度(6ヶ月)","1","1","-","-","41,460.0","41,460.0","43,350.0","41,460","0"
"5196","","","取消済（出来無）","市場執行済","-","11/26 09:35:51","本日中","2025/11/26","ＮＦ日経レバ","1570 東証(SOR)","信用返済","買埋","特定","通常注文","-","-","-","制度(6ヶ月)","1","0","-","-","41,450.0","-","43,350.0","0","0"
"5195","","","-","取消済","-","11/26 09:34:56","-","-","ＮＦ日経レバ","1570 東証(SOR)","信用返済","買埋","特定","逆指値注文","-","市場価格が41,480円以上なら成行で執行(本日中)","-","制度(6ヶ月)","1","0","-","-","-","-","43,350.0","0","0"
"5194","","","-","取消済","-","11/26 09:34:03","-","-","ＮＦ日経レバ","1570 東証(SOR)","信用返済","買埋","特定","逆指値注文","-","市場価格が41,510円以上なら成行で執行(本日中)","-","制度(6ヶ月)","1","0","-","-","-","-","43,350.0","0","0"
"5193","","","-","取消済","-","11/26 09:34:02","-","-","ＮＦ日経レバ","1570 東証(SOR)","信用返済","買埋","特定","逆指値注文","-","市場価格が41,510円以上なら成行で執行(本日中)","-","制度(6ヶ月)","1","0","-","-","-","-","43,350.0","0","0"
"5192","","","-","取消済","-","11/26 09:33:55","-","-","ＮＦ日経レバ","1570 東証(SOR)","信用返済","買埋","特定","逆指値注文","-","市場価格が41,520円以上なら成行で執行(本日中)","-","制度(6ヶ月)","1","0","-","-","-","-","43,350.0","0","0"
"5191","","","-","取消済","-","11/26 09:32:31","-","-","ＮＦ日経レバ","1570 東証(SOR)","信用返済","買埋","特定","逆指値注文","-","市場価格が41,530円以上なら成行で執行(本日中)","-","制度(6ヶ月)","1","0","-","-","-","-","43,350.0","0","0"
"5190","","","-","取消済","-","11/26 09:32:29","-","-","ＮＦ日経レバ","1570 東証(SOR)","信用返済","買埋","特定","逆指値注文","-","市場価格が41,540円以上なら成行で執行(本日中)","-","制度(6ヶ月)","1","0","-","-","-","-","43,350.0","0","0"
"5189","","","-","取消済","-","11/26 09:32:28","-","-","ＮＦ日経レバ","1570 東証(SOR)","信用返済","買埋","特定","逆指値注文","-","市場価格が41,560円以上なら成行で執行(本日中)","-","制度(6ヶ月)","1","0","-","-","-","-","43,350.0","0","0"
"5188","","","約定","-","-","11/26 09:32:27","本日中","2025/11/26","ＮＦ日経レバ","1570 東証(SOR)","信用新規","売建","特定","通常注文","-","-","-","制度(6ヶ月)","1","1","-","-","41,340.0","41,340.0","43,350.0","41,340","0"
"5187","","","-","取消済","-","11/26 09:32:19","-","-","ＮＦ日経レバ","1570 東証(SOR)","信用返済","買埋","特定","逆指値注文","-","市場価格が41,540円以上なら成行で執行(本日中)","-","制度(6ヶ月)","1","0","-","-","-","-","43,350.0","0","0"
"5186","","","-","取消済","-","11/26 09:32:18","-","-","ＮＦ日経レバ","1570 東証(SOR)","信用返済","買埋","特定","逆指値注文","-","市場価格が41,560円以上なら成行で執行(本日中)","-","制度(6ヶ月)","1","0","-","-","-","-","43,350.0","0","0"
"5185","","","約定","-","-","11/26 09:32:17","本日中","2025/11/26","ＮＦ日経レバ","1570 東証(SOR)","信用新規","売建","特定","通常注文","-","-","-","制度(6ヶ月)","1","1","-","-","41,350.0","41,350.0","43,350.0","41,350","0"
"5184","","","-","取消済","-","11/26 09:31:37","-","-","ＮＦ日経レバ","1570 東証(SOR)","信用返済","買埋","特定","逆指値注文","-","市場価格が41,560円以上なら成行で執行(本日中)","-","制度(6ヶ月)","1","0","-","-","-","-","43,350.0","0","0"
"5183","","","約定","-","-","11/26 09:31:35","本日中","2025/11/26","ＮＦ日経レバ","1570 東証(SOR)","信用新規","売建","特定","通常注文","-","-","-","制度(6ヶ月)","1","1","-","-","41,370.0","41,380.0","43,350.0","41,380","0"
"5182","","","約定","市場執行済","-","11/26 09:31:25","本日中","2025/11/26","ＮＦ日経レバ","1570 東証(SOR)","信用返済","売埋","特定","通常注文","-","-","-","一般(1日)","1","1","-","-","41,350.0","41,370.0","43,350.0","41,370","0"
"5181","","","約定","-","-","11/26 09:31:01","本日中","2025/11/26","ＮＦ日経レバ","1570 東証(SOR)","信用新規","買建","特定","通常注文","-","-","-","一般(1日)","1","1","-","-","41,370.0","41,370.0","43,350.0","41,370","0"
"5180","","","約定","市場執行済","-","11/26 09:30:43","本日中","2025/11/26","ＮＦ日経レバ","1570 東証(SOR)","信用返済","売埋","特定","通常注文","-","-","-","一般(1日)","1","1","-","-","41,310.0","41,380.0","43,350.0","41,380","0"
"5179","","","約定","-","-","11/26 09:29:49","本日中","2025/11/26","ＮＦ日経レバ","1570 東証(SOR)","信用返済","買埋","特定","通常注文","-","-","-","制度(6ヶ月)","1","1","-","-","成行","41,390.0","43,350.0","41,390","0"
"5178","","","-","取消済","-","11/26 09:26:19","-","-","ＮＦ日経レバ","1570 東証(SOR)","信用返済","売埋","特定","逆指値注文","-","市場価格が41,320円以下なら成行で執行(本日中)","-","一般(1日)","1","0","-","-","-","-","43,350.0","0","0"
"5177","","","約定","-","-","11/26 09:26:18","本日中","2025/11/26","ＮＦ日経レバ","1570 東証(SOR)","信用新規","売建","特定","通常注文","-","-","-","制度(6ヶ月)","1","1","-","-","41,350.0","41,350.0","43,350.0","41,350","0"
"5176","","","約定","市場執行済","-","11/26 09:26:12","本日中","2025/11/26","ＮＦ日経レバ","1570 東証(SOR)","信用返済","売埋","特定","通常注文","-","-","-","一般(1日)","1","1","-","-","成行","41,360.0","43,350.0","41,360","0"
"5175","","","-","取消済","-","11/26 09:23:25","-","-","ＮＦ日経レバ","1570 東証(SOR)","信用返済","売埋","特定","逆指値注文","-","市場価格が41,320円以下なら成行で執行(本日中)","-","一般(1日)","1","0","-","-","-","-","43,350.0","0","0"
"5174","","","-","取消済","-","11/26 09:23:22","-","-","ＮＦ日経レバ","1570 東証(SOR)","信用返済","売埋","特定","逆指値注文","-","市場価格が41,330円以下なら成行で執行(本日中)","-","一般(1日)","1","0","-","-","-","-","43,350.0","0","0"
"5173","","","-","取消済","-","11/26 09:22:26","-","-","ＮＦ日経レバ","1570 東証(SOR)","信用返済","売埋","特定","逆指値注文","-","市場価格が41,320円以下なら成行で執行(本日中)","-","一般(1日)","1","0","-","-","-","-","43,350.0","0","0"
"5172","","","-","取消済","-","11/26 09:22:24","-","-","ＮＦ日経レバ","1570 東証(SOR)","信用返済","売埋","特定","逆指値注文","-","市場価格が41,300円以下なら成行で執行(本日中)","-","一般(1日)","1","0","-","-","-","-","43,350.0","0","0"
"5171","","","約定","-","-","11/26 09:22:23","本日中","2025/11/26","ＮＦ日経レバ","1570 東証(SOR)","信用新規","買建","特定","通常注文","-","-","-","一般(1日)","1","1","-","-","41,510.0","41,500.0","43,350.0","41,500","0"
"5170","","","-","取消済","-","11/26 09:22:13","-","-","ＮＦ日経レバ","1570 東証(SOR)","信用返済","売埋","特定","逆指値注文","-","市場価格が41,300円以下なら成行で執行(本日中)","-","一般(1日)","1","0","-","-","-","-","43,350.0","0","0"
"5169","","","約定","-","-","11/26 09:22:12","本日中","2025/11/26","ＮＦ日経レバ","1570 東証(SOR)","信用新規","買建","特定","通常注文","-","-","-","一般(1日)","1","1","-","-","41,490.0","41,490.0","43,350.0","41,490","0"
"5168","","","約定","市場執行済","-","11/26 09:21:33","本日中","2025/11/26","ＮＦ日経レバ","1570 東証(SOR)","信用返済","売埋","特定","通常注文","-","-","-","一般(1日)","1","1","-","-","41,460.0","41,460.0","43,350.0","41,460","0"
"5167","","","約定","市場執行済","-","11/26 09:21:32","本日中","2025/11/26","ＮＦ日経レバ","1570 東証(SOR)","信用返済","売埋","特定","通常注文","-","-","-","一般(1日)","1","1","-","-","41,460.0","41,460.0","43,350.0","41,460","0"
"5166","","","約定","市場執行済","-","11/26 09:21:31","本日中","2025/11/26","ＮＦ日経レバ","1570 東証(SOR)","信用返済","売埋","特定","通常注文","-","-","-","一般(1日)","1","1","-","-","41,460.0","41,460.0","43,350.0","41,460","0"
"5165","","","-","取消済","-","11/26 09:19:33","-","-","ＮＦ日経レバ","1570 東証(SOR)","信用返済","売埋","特定","逆指値注文","-","市場価格が41,220円以下なら成行で執行(本日中)","-","一般(1日)","1","0","-","-","-","-","43,350.0","0","0"
"5164","","","-","取消済","-","11/26 09:19:32","-","-","ＮＦ日経レバ","1570 東証(SOR)","信用返済","売埋","特定","逆指値注文","-","市場価格が41,210円以下なら成行で執行(本日中)","-","一般(1日)","1","0","-","-","-","-","43,350.0","0","0"
"5163","","","取消済（出来無）","市場執行済","-","11/26 09:19:09","本日中","2025/11/26","ＮＦ日経レバ","1570 東証(SOR)","信用返済","売埋","特定","通常注文","-","-","-","一般(1日)","1","0","-","-","41,440.0","-","43,350.0","0","0"
"5162","","","取消済（出来無）","市場執行済","-","11/26 09:19:08","本日中","2025/11/26","ＮＦ日経レバ","1570 東証(SOR)","信用返済","売埋","特定","通常注文","-","-","-","一般(1日)","1","0","-","-","41,440.0","-","43,350.0","0","0"
"5161","","","取消済（出来無）","市場執行済","-","11/26 09:19:07","本日中","2025/11/26","ＮＦ日経レバ","1570 東証(SOR)","信用返済","売埋","特定","通常注文","-","-","-","一般(1日)","1","0","-","-","41,440.0","-","43,350.0","0","0"
"5160","","","約定","-","-","11/26 09:18:12","本日中","2025/11/26","ＮＦ日経レバ","1570 東証(SOR)","信用新規","買建","特定","通常注文","-","-","-","一般(1日)","1","1","-","-","41,410.0","41,410.0","43,350.0","41,410","0"
"5159","","","-","取消済","-","11/26 09:18:01","-","-","ＮＦ日経レバ","1570 東証(SOR)","信用返済","売埋","特定","逆指値注文","-","市場価格が41,200円以下なら成行で執行(本日中)","-","一般(1日)","1","0","-","-","-","-","43,350.0","0","0"
"5158","","","-","取消済","-","11/26 09:17:59","-","-","ＮＦ日経レバ","1570 東証(SOR)","信用返済","売埋","特定","逆指値注文","-","市場価格が41,170円以下なら成行で執行(本日中)","-","一般(1日)","1","0","-","-","-","-","43,350.0","0","0"
"5157","","","約定","-","-","11/26 09:17:45","本日中","2025/11/26","ＮＦ日経レバ","1570 東証(SOR)","信用新規","買建","特定","通常注文","-","-","-","一般(1日)","1","1","-","-","41,390.0","41,390.0","43,350.0","41,390","0"
"5156","","","-","取消済","-","11/26 09:16:53","-","-","ＮＦ日経レバ","1570 東証(SOR)","信用返済","売埋","特定","逆指値注文","-","市場価格が41,170円以下なら成行で執行(本日中)","-","一般(1日)","1","0","-","-","-","-","43,350.0","0","0"
"5155","","","約定","市場執行済","-","11/26 09:16:55","本日中","2025/11/26","ＮＦ日経レバ","1570 東証(SOR)","信用返済","売埋","特定","通常注文","-","-","-","一般(1日)","1","1","-","-","41,370.0","41,370.0","43,350.0","41,370","0"
"5154","","","約定","市場執行済","-","11/26 09:16:54","本日中","2025/11/26","ＮＦ日経レバ","1570 東証(SOR)","信用返済","売埋","特定","通常注文","-","-","-","一般(1日)","1","1","-","-","41,370.0","41,375.0","43,350.0","41,375","0"
"5153","","","約定","-","-","11/26 09:16:46","本日中","2025/11/26","ＮＦ日経レバ","1570 東証(SOR)","信用新規","買建","特定","通常注文","-","-","-","一般(1日)","1","1","-","-","41,360.0","41,360.0","43,350.0","41,360","0"
"5152","","","-","取消済","-","11/26 09:16:31","-","-","ＮＦ日経レバ","1570 東証(SOR)","信用返済","売埋","特定","逆指値注文","-","市場価格が41,080円以下なら成行で執行(本日中)","-","一般(1日)","1","0","-","-","-","-","43,350.0","0","0"
"5151","","","-","取消済","-","11/26 09:16:28","-","-","ＮＦ日経レバ","1570 東証(SOR)","信用返済","売埋","特定","逆指値注文","-","市場価格が41,070円以下なら成行で執行(本日中)","-","一般(1日)","1","0","-","-","-","-","43,350.0","0","0"
"5150","","","-","取消済","-","11/26 09:16:22","-","-","ＮＦ日経レバ","1570 東証(SOR)","信用返済","売埋","特定","逆指値注文","-","市場価格が41,080円以下なら成行で執行(本日中)","-","一般(1日)","1","0","-","-","-","-","43,350.0","0","0"
"5149","","","-","取消済","-","11/26 09:16:20","-","-","ＮＦ日経レバ","1570 東証(SOR)","信用返済","売埋","特定","逆指値注文","-","市場価格が41,070円以下なら成行で執行(本日中)","-","一般(1日)","1","0","-","-","-","-","43,350.0","0","0"
"5148","","","約定","-","-","11/26 09:16:18","本日中","2025/11/26","ＮＦ日経レバ","1570 東証(SOR)","信用新規","買建","特定","通常注文","-","-","-","一般(1日)","1","1","-","-","41,270.0","41,270.0","43,350.0","41,270","0"
"5147","","","-","取消済","-","11/26 09:15:29","-","-","ＮＦ日経レバ","1570 東証(SOR)","信用返済","売埋","特定","逆指値注文","-","市場価格が41,070円以下なら成行で執行(本日中)","-","一般(1日)","1","0","-","-","-","-","43,350.0","0","0"
"5146","","","約定","-","-","11/26 09:15:27","本日中","2025/11/26","ＮＦ日経レバ","1570 東証(SOR)","信用新規","買建","特定","通常注文","-","-","-","一般(1日)","1","1","-","-","41,260.0","41,255.0","43,350.0","41,255","0"
"5145","","","約定","市場執行済","-","11/26 09:15:08","本日中","2025/11/26","ＮＦ日経レバ","1570 東証(SOR)","信用返済","売埋","特定","通常注文","-","-","-","一般(1日)","1","1","-","-","41,180.0","41,195.0","43,350.0","41,195","0"
"5144","","","約定","市場執行済","-","11/26 09:15:07","本日中","2025/11/26","ＮＦ日経レバ","1570 東証(SOR)","信用返済","売埋","特定","通常注文","-","-","-","一般(1日)","1","1","-","-","41,180.0","41,195.0","43,350.0","41,195","0"
"5143","","","約定","-","-","11/26 09:14:52","本日中","2025/11/26","ＮＦ日経レバ","1570 東証(SOR)","信用新規","買建","特定","通常注文","-","-","-","一般(1日)","1","1","-","-","41,160.0","41,160.0","43,350.0","41,160","0"
"5142","","","-","取消済","-","11/26 09:14:35","-","-","ＮＦ日経レバ","1570 東証(SOR)","信用返済","売埋","特定","逆指値注文","-","市場価格が40,950円以下なら成行で執行(本日中)","-","一般(1日)","1","0","-","-","-","-","43,350.0","0","0"
"5141","","","約定","-","-","11/26 09:14:28","本日中","2025/11/26","ＮＦ日経レバ","1570 東証(SOR)","信用新規","買建","特定","通常注文","-","-","-","一般(1日)","1","1","-","-","41,140.0","41,140.0","43,350.0","41,140","0"
"5140","","","約定","市場執行済","-","11/26 09:14:13","本日中","2025/11/26","ＮＦ日経レバ","1570 東証(SOR)","信用返済","買埋","特定","通常注文","-","-","-","制度(6ヶ月)","1","1","-","-","41,130.0","41,130.0","43,350.0","41,130","0"
"5139","","","約定","市場執行済","-","11/26 09:14:12","本日中","2025/11/26","ＮＦ日経レバ","1570 東証(SOR)","信用返済","買埋","特定","通常注文","-","-","-","制度(6ヶ月)","1","1","-","-","41,130.0","41,130.0","43,350.0","41,130","0"
"5138","","","-","取消済","-","11/26 09:13:49","-","-","ＮＦ日経レバ","1570 東証(SOR)","信用返済","買埋","特定","逆指値注文","-","市場価格が41,330円以上なら成行で執行(本日中)","-","制度(6ヶ月)","1","0","-","-","-","-","43,350.0","0","0"
"5137","","","-","取消済","-","11/26 09:13:47","-","-","ＮＦ日経レバ","1570 東証(SOR)","信用返済","買埋","特定","逆指値注文","-","市場価格が41,250円以上なら成行で執行(本日中)","-","制度(6ヶ月)","1","0","-","-","-","-","43,350.0","0","0"
"5136","","","-","取消済","-","11/26 09:12:03","-","-","ＮＦ日経レバ","1570 東証(SOR)","信用返済","買埋","特定","逆指値注文","-","市場価格が41,330円以上なら成行で執行(本日中)","-","制度(6ヶ月)","1","0","-","-","-","-","43,350.0","0","0"
"5135","","","-","取消済","-","11/26 09:12:01","-","-","ＮＦ日経レバ","1570 東証(SOR)","信用返済","買埋","特定","逆指値注文","-","市場価格が41,400円以上なら成行で執行(本日中)","-","制度(6ヶ月)","1","0","-","-","-","-","43,350.0","0","0"
"5134","","","約定","-","-","11/26 09:11:57","本日中","2025/11/26","ＮＦ日経レバ","1570 東証(SOR)","信用新規","売建","特定","通常注文","-","-","-","制度(6ヶ月)","1","1","-","-","41,100.0","41,120.0","43,350.0","41,120","0"
"5133","","","-","取消済","-","11/26 09:11:43","-","-","ＮＦ日経レバ","1570 東証(SOR)","信用返済","買埋","特定","逆指値注文","-","市場価格が41,400円以上なら成行で執行(本日中)","-","制度(6ヶ月)","1","0","-","-","-","-","43,350.0","0","0"
"5132","","","約定","-","-","11/26 09:11:33","本日中","2025/11/26","ＮＦ日経レバ","1570 東証(SOR)","信用新規","売建","特定","通常注文","-","-","-","制度(6ヶ月)","1","1","-","-","41,170.0","41,170.0","43,350.0","41,170","0"
"5131","","","約定","市場執行済","-","11/26 09:11:16","本日中","2025/11/26","ＮＦ日経レバ","1570 東証(SOR)","信用返済","買埋","特定","通常注文","-","-","-","制度(6ヶ月)","1","1","-","-","41,240.0","41,210.0","43,350.0","41,210","0"
"5130","","","約定","-","-","11/26 09:10:43","本日中","2025/11/26","ＮＦ日経レバ","1570 東証(SOR)","信用新規","売建","特定","通常注文","-","-","-","制度(6ヶ月)","1","1","-","-","41,140.0","41,150.0","43,350.0","41,150","0"
"5129","","","約定","市場執行済","-","11/26 09:10:26","本日中","2025/11/26","ＮＦ日経レバ","1570 東証(SOR)","信用返済","買埋","特定","通常注文","-","-","-","制度(6ヶ月)","2","2","-","-","成行","41,140.0","43,350.0","82,280","0"
"5128","","","約定","市場執行済","-","11/26 09:10:37","本日中","2025/11/26","ＮＦ日経レバ","1570 東証(SOR)","信用返済","買埋","特定","通常注文","-","-","-","制度(6ヶ月)","1","1","-","-","成行","41,160.0","43,350.0","41,160","0"
"5127","","","-","取消済","-","11/26 09:07:37","-","-","ＮＦ日経レバ","1570 東証(SOR)","信用返済","買埋","特定","逆指値注文","-","市場価格が41,160円以上なら成行で執行(本日中)","-","制度(6ヶ月)","1","0","-","-","-","-","43,350.0","0","0"
"5126","","","-","取消済","-","11/26 09:07:35","-","-","ＮＦ日経レバ","1570 東証(SOR)","信用返済","買埋","特定","逆指値注文","-","市場価格が41,160円以上なら成行で執行(本日中)","-","制度(6ヶ月)","2","0","-","-","-","-","43,350.0","0","0"
"5125","","","-","取消済","-","11/26 09:06:47","-","-","ＮＦ日経レバ","1570 東証(SOR)","信用返済","買埋","特定","逆指値注文","-","市場価格が41,160円以上なら成行で執行(本日中)","-","制度(6ヶ月)","2","0","-","-","-","-","43,350.0","0","0"
"5124","","","-","取消済","-","11/26 09:06:46","-","-","ＮＦ日経レバ","1570 東証(SOR)","信用返済","買埋","特定","逆指値注文","-","市場価格が41,200円以上なら成行で執行(本日中)","-","制度(6ヶ月)","1","0","-","-","-","-","43,350.0","0","0"
"5123","","","約定","-","-","11/26 09:06:45","本日中","2025/11/26","ＮＦ日経レバ","1570 東証(SOR)","信用新規","売建","特定","通常注文","-","-","-","制度(6ヶ月)","1","1","-","-","40,940.0","40,970.0","43,350.0","40,970","0"
"5122","","","-","取消済","-","11/26 09:06:33","-","-","ＮＦ日経レバ","1570 東証(SOR)","信用返済","買埋","特定","逆指値注文","-","市場価格が41,160円以上なら成行で執行(本日中)","-","制度(6ヶ月)","1","0","-","-","-","-","43,350.0","0","0"
"5121","","","-","取消済","-","11/26 09:06:32","-","-","ＮＦ日経レバ","1570 東証(SOR)","信用返済","買埋","特定","逆指値注文","-","市場価格が41,200円以上なら成行で執行(本日中)","-","制度(6ヶ月)","1","0","-","-","-","-","43,350.0","0","0"
"5120","","","約定","-","-","11/26 09:06:31","本日中","2025/11/26","ＮＦ日経レバ","1570 東証(SOR)","信用新規","売建","特定","通常注文","-","-","-","制度(6ヶ月)","1","1","-","-","40,970.0","40,970.0","43,350.0","40,970","0"
"5119","","","-","取消済","-","11/26 09:06:06","-","-","ＮＦ日経レバ","1570 東証(SOR)","信用返済","買埋","特定","逆指値注文","-","市場価格が41,200円以上なら成行で執行(本日中)","-","制度(6ヶ月)","1","0","-","-","-","-","43,350.0","0","0"
"5118","","","約定","-","-","11/26 09:06:01","本日中","2025/11/26","ＮＦ日経レバ","1570 東証(SOR)","信用新規","売建","特定","通常注文","-","-","-","制度(6ヶ月)","1","1","-","-","41,010.0","41,010.0","43,350.0","41,010","0"
"5117","","","約定","市場執行済","-","11/26 09:05:50","本日中","2025/11/26","ＮＦ日経レバ","1570 東証(SOR)","信用返済","売埋","特定","通常注文","-","-","-","一般(1日)","1","1","-","-","40,990.0","41,030.0","43,350.0","41,030","0"
"5116","","","約定","-","-","11/26 09:05:21","本日中","2025/11/26","ＮＦ日経レバ","1570 東証(SOR)","信用新規","買建","特定","通常注文","-","-","-","一般(1日)","1","1","-","-","41,080.0","41,080.0","43,350.0","41,080","0"
"5115","","","約定","市場執行済","-","11/26 09:04:52","本日中","2025/11/26","ＮＦ日経レバ","1570 東証(SOR)","信用返済","売埋","特定","通常注文","-","-","-","一般(1日)","1","1","-","-","41,010.0","41,010.0","43,350.0","41,010","0"
"5114","","","約定","-","-","11/26 09:03:27","本日中","2025/11/26","ＮＦ日経レバ","1570 東証(SOR)","信用新規","買建","特定","通常注文","-","-","-","一般(1日)","1","1","-","-","41,140.0","41,140.0","43,350.0","41,140","0"
"5113","","","約定","市場執行済","-","11/25 09:25:26","本日中","2025/11/25","ＮＦ日経レバ","1570 東証(SOR)","信用返済","買埋","特定","通常注文","-","-","-","制度(6ヶ月)","1","1","-","-","40,840.0","40,840.0","43,350.0","40,840","0"
"5112","","","約定","市場執行済","-","11/25 09:25:24","本日中","2025/11/25","ＮＦ日経レバ","1570 東証(SOR)","信用返済","買埋","特定","通常注文","-","-","-","制度(6ヶ月)","1","1","-","-","40,840.0","40,840.0","43,350.0","40,840","0"
"5111","","","約定","-","-","11/25 09:25:11","本日中","2025/11/25","ＮＦ日経レバ","1570 東証(SOR)","信用新規","売建","特定","通常注文","-","-","-","制度(6ヶ月)","1","1","-","-","40,870.0","40,870.0","43,350.0","40,870","0"
"5110","","","-","取消済","-","11/25 09:24:44","-","-","ＮＦ日経レバ","1570 東証(SOR)","信用返済","買埋","特定","逆指値注文","-","市場価格が41,060円以上なら成行で執行(本日中)","-","制度(6ヶ月)","1","0","-","-","-","-","43,350.0","0","0"
"5109","","","約定","-","-","11/25 09:24:42","本日中","2025/11/25","ＮＦ日経レバ","1570 東証(SOR)","信用新規","売建","特定","通常注文","-","-","-","制度(6ヶ月)","1","1","-","-","40,870.0","40,880.0","43,350.0","40,880","0"
"5108","","","約定","市場執行済","-","11/25 09:23:42","本日中","2025/11/25","ＮＦ日経レバ","1570 東証(SOR)","信用返済","買埋","特定","通常注文","-","-","-","制度(6ヶ月)","1","1","-","-","40,830.0","40,830.0","43,350.0","40,830","0"
"5107","","","約定","-","-","11/25 09:23:34","本日中","2025/11/25","ＮＦ日経レバ","1570 東証(SOR)","信用新規","売建","特定","通常注文","-","-","-","制度(6ヶ月)","1","1","-","-","40,850.0","40,850.0","43,350.0","40,850","0"
"5106","","","約定","市場執行済","-","11/25 09:22:44","本日中","2025/11/25","ＮＦ日経レバ","1570 東証(SOR)","信用返済","買埋","特定","通常注文","-","-","-","制度(6ヶ月)","1","1","-","-","40,820.0","40,820.0","43,350.0","40,820","0"
"5105","","","約定","市場執行済","-","11/25 09:22:43","本日中","2025/11/25","ＮＦ日経レバ","1570 東証(SOR)","信用返済","買埋","特定","通常注文","-","-","-","制度(6ヶ月)","1","1","-","-","40,820.0","40,820.0","43,350.0","40,820","0"
"5104","","","約定","市場執行済","-","11/25 09:22:42","本日中","2025/11/25","ＮＦ日経レバ","1570 東証(SOR)","信用返済","買埋","特定","通常注文","-","-","-","制度(6ヶ月)","1","1","-","-","40,820.0","40,820.0","43,350.0","40,820","0"
"5103","","","約定","-","-","11/25 09:22:24","本日中","2025/11/25","ＮＦ日経レバ","1570 東証(SOR)","信用新規","売建","特定","通常注文","-","-","-","制度(6ヶ月)","1","1","-","-","40,870.0","40,870.0","43,350.0","40,870","0"
"5102","","","-","取消済","-","11/25 09:21:56","-","-","ＮＦ日経レバ","1570 東証(SOR)","信用返済","買埋","特定","逆指値注文","-","市場価格が41,060円以上なら成行で執行(本日中)","-","制度(6ヶ月)","1","0","-","-","-","-","43,350.0","0","0"
"5101","","","-","取消済","-","11/25 09:21:55","-","-","ＮＦ日経レバ","1570 東証(SOR)","信用返済","買埋","特定","逆指値注文","-","市場価格が41,190円以上なら成行で執行(本日中)","-","制度(6ヶ月)","1","0","-","-","-","-","43,350.0","0","0"
"5100","","","約定","-","-","11/25 09:21:54","本日中","2025/11/25","ＮＦ日経レバ","1570 東証(SOR)","信用新規","売建","特定","通常注文","-","-","-","制度(6ヶ月)","1","1","-","-","40,870.0","40,880.0","43,350.0","40,880","0"
"5099","","","-","取消済","-","11/25 09:21:44","-","-","ＮＦ日経レバ","1570 東証(SOR)","信用返済","買埋","特定","逆指値注文","-","市場価格が41,190円以上なら成行で執行(本日中)","-","制度(6ヶ月)","1","0","-","-","-","-","43,350.0","0","0"
"5098","","","約定","-","-","11/25 09:21:25","本日中","2025/11/25","ＮＦ日経レバ","1570 東証(SOR)","信用新規","売建","特定","通常注文","-","-","-","制度(6ヶ月)","1","1","-","-","40,910.0","40,910.0","43,350.0","40,910","0"
"5097","","","約定","市場執行済","-","11/25 09:20:53","本日中","2025/11/25","ＮＦ日経レバ","1570 東証(SOR)","信用返済","買埋","特定","通常注文","-","-","-","制度(6ヶ月)","1","1","-","-","41,000.0","41,000.0","43,350.0","41,000","0"
"5096","","","-","取消済","-","11/25 09:19:56","-","-","ＮＦ日経レバ","1570 東証(SOR)","信用返済","買埋","特定","逆指値注文","-","市場価格が41,150円以上なら成行で執行(本日中)","-","制度(6ヶ月)","1","0","-","-","-","-","43,350.0","0","0"
"5095","","","約定","-","-","11/25 09:19:54","本日中","2025/11/25","ＮＦ日経レバ","1570 東証(SOR)","信用新規","売建","特定","通常注文","-","-","-","制度(6ヶ月)","1","1","-","-","40,960.0","40,960.0","43,350.0","40,960","0"
"5094","","","約定","市場執行済","-","11/25 09:18:28","本日中","2025/11/25","ＮＦ日経レバ","1570 東証(SOR)","信用返済","買埋","特定","通常注文","-","-","-","制度(6ヶ月)","1","1","-","-","40,960.0","40,910.0","43,350.0","40,910","0"
"5093","","","約定","市場執行済","-","11/25 09:18:27","本日中","2025/11/25","ＮＦ日経レバ","1570 東証(SOR)","信用返済","買埋","特定","通常注文","-","-","-","制度(6ヶ月)","1","1","-","-","40,960.0","40,920.0","43,350.0","40,920","0"
"5092","","","約定","-","-","11/25 09:18:15","本日中","2025/11/25","ＮＦ日経レバ","1570 東証(SOR)","信用新規","売建","特定","通常注文","-","-","-","制度(6ヶ月)","1","1","-","-","40,940.0","40,970.0","43,350.0","40,970","0"
"5091","","","-","取消済","-","11/25 09:12:41","-","-","ＮＦ日経レバ","1570 東証(SOR)","信用返済","買埋","特定","逆指値注文","-","市場価格が41,200円以上なら成行で執行(本日中)","-","制度(6ヶ月)","1","0","-","-","-","-","43,350.0","0","0"
"5090","","","取消済（出来無）","市場執行済","-","11/25 09:12:27","本日中","2025/11/25","ＮＦ日経レバ","1570 東証(SOR)","信用返済","買埋","特定","通常注文","-","-","-","制度(6ヶ月)","1","0","-","-","40,950.0","-","43,350.0","0","0"
"5089","","","約定","市場執行済","-","11/25 09:12:26","本日中","2025/11/25","ＮＦ日経レバ","1570 東証(SOR)","信用返済","買埋","特定","通常注文","-","-","-","制度(6ヶ月)","2","2","-","-","40,960.0","40,960.0","43,350.0","81,920","0"
"5088","","","約定","-","-","11/25 09:11:19","本日中","2025/11/25","ＮＦ日経レバ","1570 東証(SOR)","信用新規","売建","特定","通常注文","-","-","-","制度(6ヶ月)","1","1","-","-","41,010.0","41,010.0","43,350.0","41,010","0"
"5087","","","-","取消済","-","11/25 09:10:48","-","-","ＮＦ日経レバ","1570 東証(SOR)","信用返済","買埋","特定","逆指値注文","-","市場価格が41,250円以上なら成行で執行(本日中)","-","制度(6ヶ月)","1","0","-","-","-","-","43,350.0","0","0"
"5086","","","約定","-","-","11/25 09:10:47","本日中","2025/11/25","ＮＦ日経レバ","1570 東証(SOR)","信用新規","売建","特定","通常注文","-","-","-","制度(6ヶ月)","1","1","-","-","41,050.0","41,060.0","43,350.0","41,060","0"
"5085","","","-","取消済","-","11/25 09:09:38","-","-","ＮＦ日経レバ","1570 東証(SOR)","信用返済","買埋","特定","逆指値注文","-","市場価格が41,250円以上なら成行で執行(本日中)","-","制度(6ヶ月)","1","0","-","-","-","-","43,350.0","0","0"
"5084","","","約定","-","-","11/25 09:09:36","本日中","2025/11/25","ＮＦ日経レバ","1570 東証(SOR)","信用新規","売建","特定","通常注文","-","-","-","制度(6ヶ月)","1","1","-","-","41,060.0","41,060.0","43,350.0","41,060","0"
"5083","","","約定","市場執行済","-","11/25 09:09:22","本日中","2025/11/25","ＮＦ日経レバ","1570 東証(SOR)","信用返済","買埋","特定","通常注文","-","-","-","制度(6ヶ月)","1","1","-","-","41,110.0","41,110.0","43,350.0","41,110","0"
"5082","","","約定","-","-","11/25 09:08:19","本日中","2025/11/25","ＮＦ日経レバ","1570 東証(SOR)","信用新規","売建","特定","通常注文","-","-","-","制度(6ヶ月)","1","1","-","-","41,170.0","41,170.0","43,350.0","41,170","0"
"5081","","","約定","市場執行済","-","11/25 09:07:51","本日中","2025/11/25","ＮＦ日経レバ","1570 東証(SOR)","信用返済","売埋","特定","通常注文","-","-","-","一般(1日)","1","1","-","-","41,180.0","41,180.0","43,350.0","41,180","0"
"5080","","","約定","-","-","11/25 09:07:15","本日中","2025/11/25","ＮＦ日経レバ","1570 東証(SOR)","信用新規","買建","特定","通常注文","-","-","-","一般(1日)","1","1","-","-","41,220.0","41,220.0","43,350.0","41,220","0"
"5079","","","約定","市場執行済","-","11/25 09:06:32","本日中","2025/11/25","ＮＦ日経レバ","1570 東証(SOR)","信用返済","売埋","特定","通常注文","-","-","-","一般(1日)","1","1","-","-","41,290.0","41,290.0","43,350.0","41,290","0"
"5078","","","約定","-","-","11/25 09:05:51","本日中","2025/11/25","ＮＦ日経レバ","1570 東証(SOR)","信用新規","買建","特定","通常注文","-","-","-","一般(1日)","1","1","-","-","41,280.0","41,250.0","43,350.0","41,250","0"
"5077","","","約定","市場執行済","-","11/21 09:24:22","本日中","2025/11/21","ＮＦ日経レバ","1570 東証(SOR)","信用返済","売埋","特定","通常注文","-","-","-","一般(1日)","1","1","-","-","40,660.0","40,660.0","43,350.0","40,660","0"
"5076","","","約定","市場執行済","-","11/21 09:24:21","本日中","2025/11/21","ＮＦ日経レバ","1570 東証(SOR)","信用返済","売埋","特定","通常注文","-","-","-","一般(1日)","1","1","-","-","40,660.0","40,660.0","43,350.0","40,660","0"
"5075","","","約定","市場執行済","-","11/21 09:24:21","本日中","2025/11/21","ＮＦ日経レバ","1570 東証(SOR)","信用返済","売埋","特定","通常注文","-","-","-","一般(1日)","1","1","-","-","40,660.0","40,660.0","43,350.0","40,660","0"
"5074","","","約定","-","-","11/21 09:23:39","本日中","2025/11/21","ＮＦ日経レバ","1570 東証(SOR)","信用新規","買建","特定","通常注文","-","-","-","一般(1日)","1","1","-","-","40,560.0","40,560.0","43,350.0","40,560","0"
"5073","","","-","取消済","-","11/21 09:23:29","-","-","ＮＦ日経レバ","1570 東証(SOR)","信用返済","売埋","特定","逆指値注文","-","市場価格が40,380円以下なら成行で執行(本日中)","-","一般(1日)","1","0","-","-","-","-","43,350.0","0","0"
"5072","","","-","取消済","-","11/21 09:23:27","-","-","ＮＦ日経レバ","1570 東証(SOR)","信用返済","売埋","特定","逆指値注文","-","市場価格が40,360円以下なら成行で執行(本日中)","-","一般(1日)","1","0","-","-","-","-","43,350.0","0","0"
"5071","","","約定","-","-","11/21 09:23:26","本日中","2025/11/21","ＮＦ日経レバ","1570 東証(SOR)","信用新規","買建","特定","通常注文","-","-","-","一般(1日)","1","1","-","-","40,570.0","40,550.0","43,350.0","40,550","0"
"5070","","","-","取消済","-","11/21 09:22:38","-","-","ＮＦ日経レバ","1570 東証(SOR)","信用返済","売埋","特定","逆指値注文","-","市場価格が40,360円以下なら成行で執行(本日中)","-","一般(1日)","1","0","-","-","-","-","43,350.0","0","0"
"5069","","","-","取消済","-","11/21 09:21:58","-","-","ＮＦ日経レバ","1570 東証(SOR)","信用返済","売埋","特定","逆指値注文","-","市場価格が40,340円以下なら成行で執行(本日中)","-","一般(1日)","1","0","-","-","-","-","43,350.0","0","0"
"5068","","","約定","-","-","11/21 09:21:56","本日中","2025/11/21","ＮＦ日経レバ","1570 東証(SOR)","信用新規","買建","特定","通常注文","-","-","-","一般(1日)","1","1","-","-","40,530.0","40,530.0","43,350.0","40,530","0"
"5067","","","約定","市場執行済","-","11/21 09:21:18","本日中","2025/11/21","ＮＦ日経レバ","1570 東証(SOR)","信用返済","売埋","特定","通常注文","-","-","-","一般(1日)","1","1","-","-","40,580.0","40,580.0","43,350.0","40,580","0"
"5066","","","約定","市場執行済","-","11/21 09:21:17","本日中","2025/11/21","ＮＦ日経レバ","1570 東証(SOR)","信用返済","売埋","特定","通常注文","-","-","-","一般(1日)","1","1","-","-","40,580.0","40,580.0","43,350.0","40,580","0"
"5065","","","約定","市場執行済","-","11/21 09:21:16","本日中","2025/11/21","ＮＦ日経レバ","1570 東証(SOR)","信用返済","売埋","特定","通常注文","-","-","-","一般(1日)","1","1","-","-","40,580.0","40,580.0","43,350.0","40,580","0"
"5064","","","約定","-","-","11/21 09:18:05","本日中","2025/11/21","ＮＦ日経レバ","1570 東証(SOR)","信用新規","買建","特定","通常注文","-","-","-","一般(1日)","1","1","-","-","40,530.0","40,490.0","43,350.0","40,490","0"
"5063","","","-","取消済","-","11/21 09:17:51","-","-","ＮＦ日経レバ","1570 東証(SOR)","信用返済","売埋","特定","逆指値注文","-","市場価格が40,340円以下なら成行で執行(本日中)","-","一般(1日)","1","0","-","-","-","-","43,350.0","0","0"
"5062","","","-","取消済","-","11/21 09:17:49","-","-","ＮＦ日経レバ","1570 東証(SOR)","信用返済","売埋","特定","逆指値注文","-","市場価格が40,230円以下なら成行で執行(本日中)","-","一般(1日)","1","0","-","-","-","-","43,350.0","0","0"
"5061","","","約定","-","-","11/21 09:17:48","本日中","2025/11/21","ＮＦ日経レバ","1570 東証(SOR)","信用新規","買建","特定","通常注文","-","-","-","一般(1日)","1","1","-","-","40,530.0","40,520.0","43,350.0","40,520","0"
"5060","","","-","取消済","-","11/21 09:17:38","-","-","ＮＦ日経レバ","1570 東証(SOR)","信用返済","売埋","特定","逆指値注文","-","市場価格が40,230円以下なら成行で執行(本日中)","-","一般(1日)","1","0","-","-","-","-","43,350.0","0","0"
"5059","","","約定","-","-","11/21 09:17:26","本日中","2025/11/21","ＮＦ日経レバ","1570 東証(SOR)","信用新規","買建","特定","通常注文","-","-","-","一般(1日)","1","1","-","-","40,540.0","40,510.0","43,350.0","40,510","0"
"5058","","","約定","市場執行済","-","11/21 09:17:19","本日中","2025/11/21","ＮＦ日経レバ","1570 東証(SOR)","信用返済","買埋","特定","通常注文","-","-","-","制度(6ヶ月)","1","1","-","-","40,450.0","40,450.0","43,350.0","40,450","0"
"5057","","","約定","-","-","11/21 09:17:05","本日中","2025/11/21","ＮＦ日経レバ","1570 東証(SOR)","信用新規","売建","特定","通常注文","-","-","-","制度(6ヶ月)","1","1","-","-","40,380.0","40,400.0","43,350.0","40,400","0"
"5056","","","約定","市場執行済","-","11/21 09:17:00","本日中","2025/11/21","ＮＦ日経レバ","1570 東証(SOR)","信用返済","買埋","特定","通常注文","-","-","-","制度(6ヶ月)","1","1","-","-","40,480.0","40,400.0","43,350.0","40,400","0"
"5055","","","約定","-","-","11/21 09:16:31","本日中","2025/11/21","ＮＦ日経レバ","1570 東証(SOR)","信用新規","売建","特定","通常注文","-","-","-","制度(6ヶ月)","1","1","-","-","40,290.0","40,290.0","43,350.0","40,290","0"
"5054","","","約定","市場執行済","-","11/21 09:16:12","本日中","2025/11/21","ＮＦ日経レバ","1570 東証(SOR)","信用返済","売埋","特定","通常注文","-","-","-","一般(1日)","1","1","-","-","40,210.0","40,280.0","43,350.0","40,280","0"
"5053","","","約定","-","-","11/21 09:15:47","本日中","2025/11/21","ＮＦ日経レバ","1570 東証(SOR)","信用新規","買建","特定","通常注文","-","-","-","一般(1日)","1","1","-","-","40,350.0","40,350.0","43,350.0","40,350","0"
"5052","","","取消済（出来無）","-","-","11/21 09:15:21","本日中","2025/11/21","ＮＦ日経レバ","1570 東証(SOR)","信用新規","売建","特定","通常注文","-","-","-","制度(6ヶ月)","1","0","-","-","40,420.0","-","43,350.0","0","0"
"5051","","","約定","市場執行済","-","11/21 09:15:06","本日中","2025/11/21","ＮＦ日経レバ","1570 東証(SOR)","信用返済","買埋","特定","通常注文","-","-","-","制度(6ヶ月)","1","1","-","-","40,380.0","40,380.0","43,350.0","40,380","0"
"5050","","","取消済（出来無）","-","-","11/21 09:14:50","本日中","2025/11/21","ＮＦ日経レバ","1570 東証(SOR)","信用新規","売建","特定","通常注文","-","-","-","制度(6ヶ月)","1","0","-","-","40,400.0","-","43,350.0","0","0"
"5049","","","-","取消済","-","11/21 09:14:35","-","-","ＮＦ日経レバ","1570 東証(SOR)","信用返済","買埋","特定","逆指値注文","-","市場価格が40,610円以上なら成行で執行(本日中)","-","制度(6ヶ月)","1","0","-","-","-","-","43,350.0","0","0"
"5048","","","約定","-","-","11/21 09:14:17","本日中","2025/11/21","ＮＦ日経レバ","1570 東証(SOR)","信用新規","売建","特定","通常注文","-","-","-","制度(6ヶ月)","1","1","-","-","40,420.0","40,420.0","43,350.0","40,420","0"
"5047","","","約定","市場執行済","-","11/21 09:14:01","本日中","2025/11/21","ＮＦ日経レバ","1570 東証(SOR)","信用返済","買埋","特定","通常注文","-","-","-","制度(6ヶ月)","1","1","-","-","40,360.0","40,360.0","43,350.0","40,360","0"
"5046","","","約定","市場執行済","-","11/21 09:13:59","本日中","2025/11/21","ＮＦ日経レバ","1570 東証(SOR)","信用返済","買埋","特定","通常注文","-","-","-","制度(6ヶ月)","1","1","-","-","40,360.0","40,360.0","43,350.0","40,360","0"
"5045","","","約定","-","-","11/21 09:13:41","本日中","2025/11/21","ＮＦ日経レバ","1570 東証(SOR)","信用新規","売建","特定","通常注文","-","-","-","制度(6ヶ月)","1","1","-","-","40,360.0","40,370.0","43,350.0","40,370","0"
"5044","","","-","取消済","-","11/21 09:13:29","-","-","ＮＦ日経レバ","1570 東証(SOR)","信用返済","買埋","特定","逆指値注文","-","市場価格が40,510円以上なら成行で執行(本日中)","-","制度(6ヶ月)","1","0","-","-","-","-","43,350.0","0","0"
"5043","","","-","取消済","-","11/21 09:13:14","-","-","ＮＦ日経レバ","1570 東証(SOR)","信用返済","買埋","特定","逆指値注文","-","市場価格が40,560円以上なら成行で執行(本日中)","-","制度(6ヶ月)","1","0","-","-","-","-","43,350.0","0","0"
"5042","","","約定","-","-","11/21 09:13:11","本日中","2025/11/21","ＮＦ日経レバ","1570 東証(SOR)","信用新規","売建","特定","通常注文","-","-","-","制度(6ヶ月)","1","1","-","-","40,370.0","40,400.0","43,350.0","40,400","0"
"5041","","","約定","市場執行済","-","11/21 09:12:59","本日中","2025/11/21","ＮＦ日経レバ","1570 東証(SOR)","信用返済","買埋","特定","通常注文","-","-","-","制度(6ヶ月)","1","1","-","-","40,380.0","40,330.0","43,350.0","40,330","0"
"5040","","","約定","市場執行済","-","11/21 09:12:49","本日中","2025/11/21","ＮＦ日経レバ","1570 東証(SOR)","信用返済","買埋","特定","通常注文","-","-","-","制度(6ヶ月)","1","1","-","-","40,280.0","40,280.0","43,350.0","40,280","0"
"5039","","","約定","-","-","11/21 09:12:33","本日中","2025/11/21","ＮＦ日経レバ","1570 東証(SOR)","信用新規","売建","特定","通常注文","-","-","-","制度(6ヶ月)","1","1","-","-","40,240.0","40,240.0","43,350.0","40,240","0"
"5038","","","-","取消済","-","11/21 09:12:20","-","-","ＮＦ日経レバ","1570 東証(SOR)","信用返済","買埋","特定","逆指値注文","-","市場価格が40,600円以上なら成行で執行(本日中)","-","制度(6ヶ月)","1","0","-","-","-","-","43,350.0","0","0"
"5037","","","約定","-","-","11/21 09:12:18","本日中","2025/11/21","ＮＦ日経レバ","1570 東証(SOR)","信用新規","売建","特定","通常注文","-","-","-","制度(6ヶ月)","1","1","-","-","40,410.0","40,410.0","43,350.0","40,410","0"
"5036","","","約定","市場執行済","-","11/21 09:11:34","本日中","2025/11/21","ＮＦ日経レバ","1570 東証(SOR)","信用返済","買埋","特定","通常注文","-","-","-","制度(6ヶ月)","1","1","-","-","成行","40,270.0","43,350.0","40,270","0"
"5035","","","約定","市場執行済","-","11/21 09:11:56","本日中","2025/11/21","ＮＦ日経レバ","1570 東証(SOR)","信用返済","買埋","特定","通常注文","-","-","-","制度(6ヶ月)","1","1","-","-","成行","40,350.0","43,350.0","40,350","0"
"5034","","","取消済（出来無）","市場執行済","-","11/21 09:11:22","本日中","2025/11/21","ＮＦ日経レバ","1570 東証(SOR)","信用返済","買埋","特定","通常注文","-","-","-","制度(6ヶ月)","1","0","-","-","40,110.0","-","43,350.0","0","0"
"5033","","","取消済（出来無）","市場執行済","-","11/21 09:11:21","本日中","2025/11/21","ＮＦ日経レバ","1570 東証(SOR)","信用返済","買埋","特定","通常注文","-","-","-","制度(6ヶ月)","1","0","-","-","40,110.0","-","43,350.0","0","0"
"5032","","","約定","-","-","11/21 09:11:09","本日中","2025/11/21","ＮＦ日経レバ","1570 東証(SOR)","信用新規","売建","特定","通常注文","-","-","-","制度(6ヶ月)","1","1","-","-","40,150.0","40,170.0","43,350.0","40,170","0"
"5031","","","-","取消済","-","11/21 09:11:00","-","-","ＮＦ日経レバ","1570 東証(SOR)","信用返済","買埋","特定","逆指値注文","-","市場価格が40,300円以上なら成行で執行(本日中)","-","制度(6ヶ月)","1","0","-","-","-","-","43,350.0","0","0"
"5030","","","約定","-","-","11/21 09:10:57","本日中","2025/11/21","ＮＦ日経レバ","1570 東証(SOR)","信用新規","売建","特定","通常注文","-","-","-","制度(6ヶ月)","1","1","-","-","40,110.0","40,190.0","43,350.0","40,190","0"
"5029","","","約定","市場執行済","-","11/20 09:33:31","本日中","2025/11/20","ＮＦ日経レバ","1570 東証(SOR)","信用返済","買埋","特定","通常注文","-","-","-","制度(6ヶ月)","1","1","-","-","43,410.0","43,380.0","43,350.0","43,380","0"
"5028","","","約定","市場執行済","-","11/20 09:33:30","本日中","2025/11/20","ＮＦ日経レバ","1570 東証(SOR)","信用返済","買埋","特定","通常注文","-","-","-","制度(6ヶ月)","2","2","-","-","43,410.0","43,400.0","43,350.0","86,800","0"
"5027","","","約定","市場執行済","-","11/20 09:33:30","本日中","2025/11/20","ＮＦ日経レバ","1570 東証(SOR)","信用返済","買埋","特定","通常注文","-","-","-","制度(6ヶ月)","1","1","-","-","43,410.0","43,410.0","43,350.0","43,410","0"
"5026","","","約定","-","-","11/20 09:33:19","本日中","2025/11/20","ＮＦ日経レバ","1570 東証(SOR)","信用新規","売建","特定","通常注文","-","-","-","制度(6ヶ月)","1","1","-","-","43,430.0","43,430.0","43,350.0","43,430","0"
"5025","","","-","取消済","-","11/20 09:32:39","-","-","ＮＦ日経レバ","1570 東証(SOR)","信用返済","買埋","特定","逆指値注文","-","市場価格が43,640円以上なら成行で執行(本日中)","-","制度(6ヶ月)","1","0","-","-","-","-","43,350.0","0","0"
"5024","","","-","取消済","-","11/20 09:32:38","-","-","ＮＦ日経レバ","1570 東証(SOR)","信用返済","買埋","特定","逆指値注文","-","市場価格が43,630円以上なら成行で執行(本日中)","-","制度(6ヶ月)","2","0","-","-","-","-","43,350.0","0","0"
"5023","","","約定","-","-","11/20 09:32:38","本日中","2025/11/20","ＮＦ日経レバ","1570 東証(SOR)","信用新規","売建","特定","通常注文","-","-","-","制度(6ヶ月)","1","1","-","-","43,450.0","43,460.0","43,350.0","43,460","0"
"5022","","","-","取消済","-","11/20 09:31:53","-","-","ＮＦ日経レバ","1570 東証(SOR)","信用返済","買埋","特定","逆指値注文","-","市場価格が43,630円以上なら成行で執行(本日中)","-","制度(6ヶ月)","1","0","-","-","-","-","43,350.0","0","0"
"5021","","","約定","-","-","11/20 09:31:52","本日中","2025/11/20","ＮＦ日経レバ","1570 東証(SOR)","信用新規","売建","特定","通常注文","-","-","-","制度(6ヶ月)","1","1","-","-","43,490.0","43,510.0","43,350.0","43,510","0"
"5020","","","-","取消済","-","11/20 09:31:06","-","-","ＮＦ日経レバ","1570 東証(SOR)","信用返済","買埋","特定","逆指値注文","-","市場価格が43,630円以上なら成行で執行(本日中)","-","制度(6ヶ月)","1","0","-","-","-","-","43,350.0","0","0"
"5019","","","-","取消済","-","11/20 09:31:03","-","-","ＮＦ日経レバ","1570 東証(SOR)","信用返済","買埋","特定","逆指値注文","-","市場価格が43,640円以上なら成行で執行(本日中)","-","制度(6ヶ月)","1","0","-","-","-","-","43,350.0","0","0"
"5018","","","-","取消済","-","11/20 09:30:42","-","-","ＮＦ日経レバ","1570 東証(SOR)","信用返済","買埋","特定","逆指値注文","-","市場価格が43,700円以上なら成行で執行(本日中)","-","制度(6ヶ月)","1","0","-","-","-","-","43,350.0","0","0"
"5017","","","約定","-","-","11/20 09:30:39","本日中","2025/11/20","ＮＦ日経レバ","1570 東証(SOR)","信用新規","売建","特定","通常注文","-","-","-","制度(6ヶ月)","1","1","-","-","43,510.0","43,510.0","43,350.0","43,510","0"
"5016","","","約定","市場執行済","-","11/20 09:29:28","本日中","2025/11/20","ＮＦ日経レバ","1570 東証(SOR)","信用返済","買埋","特定","通常注文","-","-","-","制度(6ヶ月)","1","1","-","-","43,550.0","43,550.0","43,350.0","43,550","0"
"5015","","","約定","市場執行済","-","11/20 09:29:27","本日中","2025/11/20","ＮＦ日経レバ","1570 東証(SOR)","信用返済","買埋","特定","通常注文","-","-","-","制度(6ヶ月)","1","1","-","-","43,550.0","43,550.0","43,350.0","43,550","0"
"5014","","","約定","-","-","11/20 09:29:06","本日中","2025/11/20","ＮＦ日経レバ","1570 東証(SOR)","信用新規","売建","特定","通常注文","-","-","-","制度(6ヶ月)","1","1","-","-","43,590.0","43,590.0","43,350.0","43,590","0"
"5013","","","-","取消済","-","11/20 09:28:59","-","-","ＮＦ日経レバ","1570 東証(SOR)","信用返済","買埋","特定","逆指値注文","-","市場価格が43,810円以上なら成行で執行(本日中)","-","制度(6ヶ月)","1","0","-","-","-","-","43,350.0","0","0"
"5012","","","約定","-","-","11/20 09:28:53","本日中","2025/11/20","ＮＦ日経レバ","1570 東証(SOR)","信用新規","売建","特定","通常注文","-","-","-","制度(6ヶ月)","1","1","-","-","43,600.0","43,600.0","43,350.0","43,600","0"
"5011","","","約定","市場執行済","-","11/20 09:28:09","本日中","2025/11/20","ＮＦ日経レバ","1570 東証(SOR)","信用返済","売埋","特定","通常注文","-","-","-","一般(1日)","1","1","-","-","43,650.0","43,650.0","43,350.0","43,650","0"
"5010","","","約定","市場執行済","-","11/20 09:28:08","本日中","2025/11/20","ＮＦ日経レバ","1570 東証(SOR)","信用返済","売埋","特定","通常注文","-","-","-","一般(1日)","1","1","-","-","43,650.0","43,650.0","43,350.0","43,650","0"
"5009","","","約定","-","-","11/20 09:27:34","本日中","2025/11/20","ＮＦ日経レバ","1570 東証(SOR)","信用新規","買建","特定","通常注文","-","-","-","一般(1日)","1","1","-","-","43,710.0","43,670.0","43,350.0","43,670","0"
"5008","","","-","取消済","-","11/20 09:27:10","-","-","ＮＦ日経レバ","1570 東証(SOR)","信用返済","売埋","特定","逆指値注文","-","市場価格が43,360円以下なら成行で執行(本日中)","-","一般(1日)","1","0","-","-","-","-","43,350.0","0","0"
"5007","","","約定","市場執行済","-","11/20 09:27:13","本日中","2025/11/20","ＮＦ日経レバ","1570 東証(SOR)","信用返済","売埋","特定","通常注文","-","-","-","一般(1日)","1","1","-","-","43,590.0","43,590.0","43,350.0","43,590","0"
"5006","","","約定","市場執行済","-","11/20 09:27:12","本日中","2025/11/20","ＮＦ日経レバ","1570 東証(SOR)","信用返済","売埋","特定","通常注文","-","-","-","一般(1日)","1","1","-","-","43,590.0","43,590.0","43,350.0","43,590","0"
"5005","","","約定","-","-","11/20 09:26:57","本日中","2025/11/20","ＮＦ日経レバ","1570 東証(SOR)","信用新規","買建","特定","通常注文","-","-","-","一般(1日)","1","1","-","-","43,570.0","43,570.0","43,350.0","43,570","0"
"5004","","","-","取消済","-","11/20 09:25:16","-","-","ＮＦ日経レバ","1570 東証(SOR)","信用返済","売埋","特定","逆指値注文","-","市場価格が43,390円以下なら成行で執行(本日中)","-","一般(1日)","1","0","-","-","-","-","43,350.0","0","0"
"5003","","","-","取消済","-","11/20 09:25:12","-","-","ＮＦ日経レバ","1570 東証(SOR)","信用返済","売埋","特定","逆指値注文","-","市場価格が43,370円以下なら成行で執行(本日中)","-","一般(1日)","1","0","-","-","-","-","43,350.0","0","0"
"5002","","","-","取消済","-","11/20 09:25:10","-","-","ＮＦ日経レバ","1570 東証(SOR)","信用返済","売埋","特定","逆指値注文","-","市場価格が43,390円以下なら成行で執行(本日中)","-","一般(1日)","1","0","-","-","-","-","43,350.0","0","0"
"5001","","","-","取消済","-","11/20 09:23:45","-","-","ＮＦ日経レバ","1570 東証(SOR)","信用返済","売埋","特定","逆指値注文","-","市場価格が43,330円以下なら成行で執行(本日中)","-","一般(1日)","1","0","-","-","-","-","43,350.0","0","0"
"5000","","","-","取消済","-","11/20 09:23:43","-","-","ＮＦ日経レバ","1570 東証(SOR)","信用返済","売埋","特定","逆指値注文","-","市場価格が43,320円以下なら成行で執行(本日中)","-","一般(1日)","1","0","-","-","-","-","43,350.0","0","0"
"4999","","","約定","-","-","11/20 09:23:42","本日中","2025/11/20","ＮＦ日経レバ","1570 東証(SOR)","信用新規","買建","特定","通常注文","-","-","-","一般(1日)","1","1","-","-","43,520.0","43,520.0","43,350.0","43,520","0"
"4998","","","-","取消済","-","11/20 09:23:19","-","-","ＮＦ日経レバ","1570 東証(SOR)","信用返済","売埋","特定","逆指値注文","-","市場価格が43,320円以下なら成行で執行(本日中)","-","一般(1日)","1","0","-","-","-","-","43,350.0","0","0"
"4997","","","約定","-","-","11/20 09:23:13","本日中","2025/11/20","ＮＦ日経レバ","1570 東証(SOR)","信用新規","買建","特定","通常注文","-","-","-","一般(1日)","1","1","-","-","43,510.0","43,510.0","43,350.0","43,510","0"
"4996","","","約定","市場執行済","-","11/20 09:22:56","本日中","2025/11/20","ＮＦ日経レバ","1570 東証(SOR)","信用返済","売埋","特定","通常注文","-","-","-","一般(1日)","1","1","-","-","43,430.0","43,455.0","43,350.0","43,455","0"
"4995","","","-","取消済","-","11/20 09:22:03","-","-","ＮＦ日経レバ","1570 東証(SOR)","信用返済","売埋","特定","逆指値注文","-","市場価格が43,320円以下なら成行で執行(本日中)","-","一般(1日)","1","0","-","-","-","-","43,350.0","0","0"
"4994","","","約定","-","-","11/20 09:22:01","本日中","2025/11/20","ＮＦ日経レバ","1570 東証(SOR)","信用新規","買建","特定","通常注文","-","-","-","一般(1日)","1","1","-","-","43,510.0","43,500.0","43,350.0","43,500","0"
"4993","","","約定","市場執行済","-","11/20 09:21:47","本日中","2025/11/20","ＮＦ日経レバ","1570 東証(SOR)","信用返済","売埋","特定","通常注文","-","-","-","一般(1日)","1","1","-","-","43,470.0","43,470.0","43,350.0","43,470","0"
"4992","","","約定","市場執行済","-","11/20 09:21:46","本日中","2025/11/20","ＮＦ日経レバ","1570 東証(SOR)","信用返済","売埋","特定","通常注文","-","-","-","一般(1日)","1","1","-","-","43,470.0","43,470.0","43,350.0","43,470","0"
"4991","","","約定","市場執行済","-","11/20 09:21:45","本日中","2025/11/20","ＮＦ日経レバ","1570 東証(SOR)","信用返済","売埋","特定","通常注文","-","-","-","一般(1日)","1","1","-","-","43,470.0","43,470.0","43,350.0","43,470","0"
"4990","","","約定","-","-","11/20 09:21:10","本日中","2025/11/20","ＮＦ日経レバ","1570 東証(SOR)","信用新規","買建","特定","通常注文","-","-","-","一般(1日)","1","1","-","-","43,440.0","43,440.0","43,350.0","43,440","0"
"4989","","","-","取消済","-","11/20 09:21:02","-","-","ＮＦ日経レバ","1570 東証(SOR)","信用返済","売埋","特定","逆指値注文","-","市場価格が43,220円以下なら成行で執行(本日中)","-","一般(1日)","1","0","-","-","-","-","43,350.0","0","0"
"4988","","","-","取消済","-","11/20 09:20:59","-","-","ＮＦ日経レバ","1570 東証(SOR)","信用返済","売埋","特定","逆指値注文","-","市場価格が43,280円以下なら成行で執行(本日中)","-","一般(1日)","1","0","-","-","-","-","43,350.0","0","0"
"4987","","","約定","-","-","11/20 09:20:52","本日中","2025/11/20","ＮＦ日経レバ","1570 東証(SOR)","信用新規","買建","特定","通常注文","-","-","-","一般(1日)","1","1","-","-","43,430.0","43,430.0","43,350.0","43,430","0"
"4986","","","-","取消済","-","11/20 09:20:38","-","-","ＮＦ日経レバ","1570 東証(SOR)","信用返済","売埋","特定","逆指値注文","-","市場価格が43,280円以下なら成行で執行(本日中)","-","一般(1日)","1","0","-","-","-","-","43,350.0","0","0"
"4985","","","-","取消済","-","11/20 09:20:15","-","-","ＮＦ日経レバ","1570 東証(SOR)","信用返済","売埋","特定","逆指値注文","-","市場価格が43,190円以下なら成行で執行(本日中)","-","一般(1日)","1","0","-","-","-","-","43,350.0","0","0"
"4984","","","約定","-","-","11/20 09:20:11","本日中","2025/11/20","ＮＦ日経レバ","1570 東証(SOR)","信用新規","買建","特定","通常注文","-","-","-","一般(1日)","1","1","-","-","43,380.0","43,380.0","43,350.0","43,380","0"
"4983","","","約定","市場執行済","-","11/20 09:19:54","本日中","2025/11/20","ＮＦ日経レバ","1570 東証(SOR)","信用返済","買埋","特定","通常注文","-","-","-","制度(6ヶ月)","1","1","-","-","成行","43,380.0","43,350.0","43,380","0"
"4982","","","-","取消済","-","11/20 09:18:43","-","-","ＮＦ日経レバ","1570 東証(SOR)","信用返済","買埋","特定","逆指値注文","-","市場価格が43,460円以上なら成行で執行(本日中)","-","制度(6ヶ月)","1","0","-","-","-","-","43,350.0","0","0"
"4981","","","約定","-","-","11/20 09:18:33","本日中","2025/11/20","ＮＦ日経レバ","1570 東証(SOR)","信用新規","売建","特定","通常注文","-","-","-","制度(6ヶ月)","1","1","-","-","43,250.0","43,250.0","43,350.0","43,250","0"
"4980","","","約定","市場執行済","-","11/20 09:18:18","本日中","2025/11/20","ＮＦ日経レバ","1570 東証(SOR)","信用返済","買埋","特定","通常注文","-","-","-","制度(6ヶ月)","1","1","-","-","成行","43,290.0","43,350.0","43,290","0"
"4979","","","約定","市場執行済","-","11/20 09:17:56","本日中","2025/11/20","ＮＦ日経レバ","1570 東証(SOR)","信用返済","買埋","特定","通常注文","-","-","-","制度(6ヶ月)","1","1","-","-","成行","43,250.0","43,350.0","43,250","0"
"4978","","","取消済（出来無）","市場執行済","-","11/20 09:16:55","本日中","2025/11/20","ＮＦ日経レバ","1570 東証(SOR)","信用返済","買埋","特定","通常注文","-","-","-","制度(6ヶ月)","1","0","-","-","43,000.0","-","43,350.0","0","0"
"4977","","","取消済（出来無）","市場執行済","-","11/20 09:16:54","本日中","2025/11/20","ＮＦ日経レバ","1570 東証(SOR)","信用返済","買埋","特定","通常注文","-","-","-","制度(6ヶ月)","1","0","-","-","43,000.0","-","43,350.0","0","0"
"4976","","","約定","-","-","11/20 09:16:42","本日中","2025/11/20","ＮＦ日経レバ","1570 東証(SOR)","信用新規","売建","特定","通常注文","-","-","-","制度(6ヶ月)","1","1","-","-","43,050.0","43,050.0","43,350.0","43,050","0"
"4975","","","-","取消済","-","11/20 09:16:23","-","-","ＮＦ日経レバ","1570 東証(SOR)","信用返済","買埋","特定","逆指値注文","-","市場価格が43,300円以上なら成行で執行(本日中)","-","制度(6ヶ月)","1","0","-","-","-","-","43,350.0","0","0"
"4974","","","約定","-","-","11/20 09:16:18","本日中","2025/11/20","ＮＦ日経レバ","1570 東証(SOR)","信用新規","売建","特定","通常注文","-","-","-","制度(6ヶ月)","1","1","-","-","43,110.0","43,110.0","43,350.0","43,110","0"
"4973","","","約定","市場執行済","-","11/20 09:15:11","本日中","2025/11/20","ＮＦ日経レバ","1570 東証(SOR)","信用返済","買埋","特定","通常注文","-","-","-","制度(6ヶ月)","1","1","-","-","43,100.0","43,100.0","43,350.0","43,100","0"
"4972","","","-","取消済","-","11/20 09:13:46","-","-","ＮＦ日経レバ","1570 東証(SOR)","信用返済","買埋","特定","逆指値注文","-","市場価格が43,260円以上なら成行で執行(本日中)","-","制度(6ヶ月)","1","0","-","-","-","-","43,350.0","0","0"
"4971","","","約定","-","-","11/20 09:13:44","本日中","2025/11/20","ＮＦ日経レバ","1570 東証(SOR)","信用新規","売建","特定","通常注文","-","-","-","制度(6ヶ月)","1","1","-","-","43,070.0","43,110.0","43,350.0","43,110","0"
"4970","","","約定","市場執行済","-","11/19 09:26:06","本日中","2025/11/19","ＮＦ日経レバ","1570 東証(SOR)","信用返済","売埋","特定","通常注文","-","-","-","一般(1日)","1","1","-","-","40,160.0","40,160.0","43,350.0","40,160","0"
"4969","","","約定","市場執行済","-","11/19 09:26:05","本日中","2025/11/19","ＮＦ日経レバ","1570 東証(SOR)","信用返済","売埋","特定","通常注文","-","-","-","一般(1日)","1","1","-","-","40,160.0","40,160.0","43,350.0","40,160","0"
"4968","","","約定","市場執行済","-","11/19 09:26:04","本日中","2025/11/19","ＮＦ日経レバ","1570 東証(SOR)","信用返済","売埋","特定","通常注文","-","-","-","一般(1日)","1","1","-","-","40,160.0","40,160.0","43,350.0","40,160","0"
"4967","","","約定","-","-","11/19 09:25:46","本日中","2025/11/19","ＮＦ日経レバ","1570 東証(SOR)","信用新規","買建","特定","通常注文","-","-","-","一般(1日)","1","1","-","-","40,130.0","40,130.0","43,350.0","40,130","0"
"4966","","","-","取消済","-","11/19 09:25:39","-","-","ＮＦ日経レバ","1570 東証(SOR)","信用返済","売埋","特定","逆指値注文","-","市場価格が39,870円以下なら成行で執行(本日中)","-","一般(1日)","1","0","-","-","-","-","43,350.0","0","0"
"4965","","","-","取消済","-","11/19 09:25:36","-","-","ＮＦ日経レバ","1570 東証(SOR)","信用返済","売埋","特定","逆指値注文","-","市場価格が39,890円以下なら成行で執行(本日中)","-","一般(1日)","1","0","-","-","-","-","43,350.0","0","0"
"4964","","","約定","-","-","11/19 09:25:30","本日中","2025/11/19","ＮＦ日経レバ","1570 東証(SOR)","信用新規","買建","特定","通常注文","-","-","-","一般(1日)","1","1","-","-","40,130.0","40,120.0","43,350.0","40,120","0"
"4963","","","-","取消済","-","11/19 09:25:18","-","-","ＮＦ日経レバ","1570 東証(SOR)","信用返済","売埋","特定","逆指値注文","-","市場価格が39,890円以下なら成行で執行(本日中)","-","一般(1日)","1","0","-","-","-","-","43,350.0","0","0"
"4962","","","約定","-","-","11/19 09:25:17","本日中","2025/11/19","ＮＦ日経レバ","1570 東証(SOR)","信用新規","買建","特定","通常注文","-","-","-","一般(1日)","1","1","-","-","40,080.0","40,040.0","43,350.0","40,040","0"
"4961","","","約定","市場執行済","-","11/19 09:24:27","本日中","2025/11/19","ＮＦ日経レバ","1570 東証(SOR)","信用返済","売埋","特定","通常注文","-","-","-","一般(1日)","1","1","-","-","成行","40,050.0","43,350.0","40,050","0"
"4960","","","約定","市場執行済","-","11/19 09:24:35","本日中","2025/11/19","ＮＦ日経レバ","1570 東証(SOR)","信用返済","売埋","特定","通常注文","-","-","-","一般(1日)","1","1","-","-","成行","40,040.0","43,350.0","40,040","0"
"4959","","","-","取消済","-","11/19 09:24:14","-","-","ＮＦ日経レバ","1570 東証(SOR)","信用返済","売埋","特定","逆指値注文","-","市場価格が40,000円以下なら成行で執行(本日中)","-","一般(1日)","1","0","-","-","-","-","43,350.0","0","0"
"4958","","","-","取消済","-","11/19 09:23:19","-","-","ＮＦ日経レバ","1570 東証(SOR)","信用返済","売埋","特定","逆指値注文","-","市場価格が39,990円以下なら成行で執行(本日中)","-","一般(1日)","1","0","-","-","-","-","43,350.0","0","0"
"4957","","","-","取消済","-","11/19 09:23:17","-","-","ＮＦ日経レバ","1570 東証(SOR)","信用返済","売埋","特定","逆指値注文","-","市場価格が39,920円以下なら成行で執行(本日中)","-","一般(1日)","1","0","-","-","-","-","43,350.0","0","0"
"4956","","","約定","-","-","11/19 09:23:16","本日中","2025/11/19","ＮＦ日経レバ","1570 東証(SOR)","信用新規","買建","特定","通常注文","-","-","-","一般(1日)","1","1","-","-","40,180.0","40,180.0","43,350.0","40,180","0"
"4955","","","-","取消済","-","11/19 09:23:04","-","-","ＮＦ日経レバ","1570 東証(SOR)","信用返済","売埋","特定","逆指値注文","-","市場価格が39,920円以下なら成行で執行(本日中)","-","一般(1日)","1","0","-","-","-","-","43,350.0","0","0"
"4954","","","約定","-","-","11/19 09:22:55","本日中","2025/11/19","ＮＦ日経レバ","1570 東証(SOR)","信用新規","買建","特定","通常注文","-","-","-","一般(1日)","1","1","-","-","40,140.0","40,140.0","43,350.0","40,140","0"
"4953","","","約定","市場執行済","-","11/19 09:21:16","本日中","2025/11/19","ＮＦ日経レバ","1570 東証(SOR)","信用返済","売埋","特定","通常注文","-","-","-","一般(1日)","1","1","-","-","40,060.0","40,080.0","43,350.0","40,080","0"
"4952","","","約定","市場執行済","-","11/19 09:21:14","本日中","2025/11/19","ＮＦ日経レバ","1570 東証(SOR)","信用返済","売埋","特定","通常注文","-","-","-","一般(1日)","1","1","-","-","40,060.0","40,065.0","43,350.0","40,065","0"
"4951","","","約定","-","-","11/19 09:20:42","本日中","2025/11/19","ＮＦ日経レバ","1570 東証(SOR)","信用新規","買建","特定","通常注文","-","-","-","一般(1日)","1","1","-","-","40,060.0","40,060.0","43,350.0","40,060","0"
"4950","","","-","取消済","-","11/19 09:20:35","-","-","ＮＦ日経レバ","1570 東証(SOR)","信用返済","売埋","特定","逆指値注文","-","市場価格が39,820円以下なら成行で執行(本日中)","-","一般(1日)","1","0","-","-","-","-","43,350.0","0","0"
"4949","","","約定","-","-","11/19 09:20:33","本日中","2025/11/19","ＮＦ日経レバ","1570 東証(SOR)","信用新規","買建","特定","通常注文","-","-","-","一般(1日)","1","1","-","-","40,010.0","40,010.0","43,350.0","40,010","0"
"4948","","","約定","市場執行済","-","11/19 09:20:15","本日中","2025/11/19","ＮＦ日経レバ","1570 東証(SOR)","信用返済","買埋","特定","通常注文","-","-","-","制度(6ヶ月)","1","1","-","-","成行","39,940.0","43,350.0","39,940","0"
"4947","","","約定","市場執行済","-","11/19 09:20:13","本日中","2025/11/19","ＮＦ日経レバ","1570 東証(SOR)","信用返済","買埋","特定","通常注文","-","-","-","制度(6ヶ月)","1","1","-","-","成行","39,950.0","43,350.0","39,950","0"
"4946","","","-","取消済","-","11/19 09:20:06","-","-","ＮＦ日経レバ","1570 東証(SOR)","信用返済","買埋","特定","逆指値注文","-","市場価格が40,040円以上なら成行で執行(本日中)","-","制度(6ヶ月)","1","0","-","-","-","-","43,350.0","0","0"
"4945","","","-","取消済","-","11/19 09:20:05","-","-","ＮＦ日経レバ","1570 東証(SOR)","信用返済","買埋","特定","逆指値注文","-","市場価格が39,990円以上なら成行で執行(本日中)","-","制度(6ヶ月)","1","0","-","-","-","-","43,350.0","0","0"
"4944","","","-","取消済","-","11/19 09:19:48","-","-","ＮＦ日経レバ","1570 東証(SOR)","信用返済","買埋","特定","逆指値注文","-","市場価格が40,040円以上なら成行で執行(本日中)","-","制度(6ヶ月)","1","0","-","-","-","-","43,350.0","0","0"
"4943","","","-","取消済","-","11/19 09:19:46","-","-","ＮＦ日経レバ","1570 東証(SOR)","信用返済","買埋","特定","逆指値注文","-","市場価格が40,070円以上なら成行で執行(本日中)","-","制度(6ヶ月)","1","0","-","-","-","-","43,350.0","0","0"
"4942","","","約定","-","-","11/19 09:19:45","本日中","2025/11/19","ＮＦ日経レバ","1570 東証(SOR)","信用新規","売建","特定","通常注文","-","-","-","制度(6ヶ月)","1","1","-","-","39,850.0","39,850.0","43,350.0","39,850","0"
"4941","","","約定","市場執行済","-","11/19 09:19:02","本日中","2025/11/19","ＮＦ日経レバ","1570 東証(SOR)","信用返済","買埋","特定","通常注文","-","-","-","制度(6ヶ月)","1","1","-","-","39,870.0","39,870.0","43,350.0","39,870","0"
"4940","","","-","取消済","-","11/19 09:18:27","-","-","ＮＦ日経レバ","1570 東証(SOR)","信用返済","買埋","特定","逆指値注文","-","市場価格が40,070円以上なら成行で執行(本日中)","-","制度(6ヶ月)","1","0","-","-","-","-","43,350.0","0","0"
"4939","","","約定","-","-","11/19 09:18:26","本日中","2025/11/19","ＮＦ日経レバ","1570 東証(SOR)","信用新規","売建","特定","通常注文","-","-","-","制度(6ヶ月)","1","1","-","-","39,960.0","39,960.0","43,350.0","39,960","0"
"4938","","","約定","市場執行済","-","11/19 09:17:46","本日中","2025/11/19","ＮＦ日経レバ","1570 東証(SOR)","信用返済","買埋","特定","通常注文","-","-","-","制度(6ヶ月)","1","1","-","-","成行","40,010.0","43,350.0","40,010","0"
"4937","","","-","取消済","-","11/19 09:17:42","-","-","ＮＦ日経レバ","1570 東証(SOR)","信用返済","買埋","特定","逆指値注文","-","市場価格が40,070円以上なら成行で執行(本日中)","-","制度(6ヶ月)","1","0","-","-","-","-","43,350.0","0","0"
"4936","","","-","取消済","-","11/19 09:17:40","-","-","ＮＦ日経レバ","1570 東証(SOR)","信用返済","買埋","特定","逆指値注文","-","市場価格が40,020円以上なら成行で執行(本日中)","-","制度(6ヶ月)","1","0","-","-","-","-","43,350.0","0","0"
"4935","","","-","取消済","-","11/19 09:17:34","-","-","ＮＦ日経レバ","1570 東証(SOR)","信用返済","買埋","特定","逆指値注文","-","市場価格が40,310円以上なら成行で執行(本日中)","-","制度(6ヶ月)","1","0","-","-","-","-","43,350.0","0","0"
"4934","","","-","取消済","-","11/19 09:17:32","-","-","ＮＦ日経レバ","1570 東証(SOR)","信用返済","買埋","特定","逆指値注文","-","市場価格が40,070円以上なら成行で執行(本日中)","-","制度(6ヶ月)","1","0","-","-","-","-","43,350.0","0","0"
"4933","","","-","取消済","-","11/19 09:16:59","-","-","ＮＦ日経レバ","1570 東証(SOR)","信用返済","買埋","特定","逆指値注文","-","市場価格が40,380円以上なら成行で執行(本日中)","-","制度(6ヶ月)","1","0","-","-","-","-","43,350.0","0","0"
"4932","","","-","取消済","-","11/19 09:16:57","-","-","ＮＦ日経レバ","1570 東証(SOR)","信用返済","買埋","特定","逆指値注文","-","市場価格が40,430円以上なら成行で執行(本日中)","-","制度(6ヶ月)","1","0","-","-","-","-","43,350.0","0","0"
"4931","","","約定","-","-","11/19 09:16:51","本日中","2025/11/19","ＮＦ日経レバ","1570 東証(SOR)","信用新規","売建","特定","通常注文","-","-","-","制度(6ヶ月)","1","1","-","-","40,120.0","40,130.0","43,350.0","40,130","0"
"4930","","","-","取消済","-","11/19 09:16:46","-","-","ＮＦ日経レバ","1570 東証(SOR)","信用返済","買埋","特定","逆指値注文","-","市場価格が40,430円以上なら成行で執行(本日中)","-","制度(6ヶ月)","1","0","-","-","-","-","43,350.0","0","0"
"4929","","","約定","-","-","11/19 09:16:39","本日中","2025/11/19","ＮＦ日経レバ","1570 東証(SOR)","信用新規","売建","特定","通常注文","-","-","-","制度(6ヶ月)","1","1","-","-","40,200.0","40,200.0","43,350.0","40,200","0"
"4928","","","約定","市場執行済","-","11/19 09:16:31","本日中","2025/11/19","ＮＦ日経レバ","1570 東証(SOR)","信用返済","買埋","特定","通常注文","-","-","-","制度(6ヶ月)","1","1","-","-","成行","40,290.0","43,350.0","40,290","0"
"4927","","","約定","市場執行済","-","11/19 09:16:26","本日中","2025/11/19","ＮＦ日経レバ","1570 東証(SOR)","信用返済","買埋","特定","通常注文","-","-","-","制度(6ヶ月)","1","1","-","-","成行","40,300.0","43,350.0","40,300","0"
"4926","","","-","取消済","-","11/19 09:15:08","-","-","ＮＦ日経レバ","1570 東証(SOR)","信用返済","買埋","特定","逆指値注文","-","市場価格が40,320円以上なら成行で執行(本日中)","-","制度(6ヶ月)","1","0","-","-","-","-","43,350.0","0","0"
"4925","","","-","取消済","-","11/19 09:15:06","-","-","ＮＦ日経レバ","1570 東証(SOR)","信用返済","買埋","特定","逆指値注文","-","市場価格が40,320円以上なら成行で執行(本日中)","-","制度(6ヶ月)","1","0","-","-","-","-","43,350.0","0","0"
"4924","","","-","取消済","-","11/19 09:15:01","-","-","ＮＦ日経レバ","1570 東証(SOR)","信用返済","買埋","特定","逆指値注文","-","市場価格が40,370円以上なら成行で執行(本日中)","-","制度(6ヶ月)","1","0","-","-","-","-","43,350.0","0","0"
"4923","","","-","取消済","-","11/19 09:15:00","-","-","ＮＦ日経レバ","1570 東証(SOR)","信用返済","買埋","特定","逆指値注文","-","市場価格が40,320円以上なら成行で執行(本日中)","-","制度(6ヶ月)","1","0","-","-","-","-","43,350.0","0","0"
"4922","","","約定","-","-","11/19 09:14:56","本日中","2025/11/19","ＮＦ日経レバ","1570 東証(SOR)","信用新規","売建","特定","通常注文","-","-","-","制度(6ヶ月)","1","1","-","-","40,180.0","40,180.0","43,350.0","40,180","0"
"4921","","","-","取消済","-","11/19 09:14:50","-","-","ＮＦ日経レバ","1570 東証(SOR)","信用返済","買埋","特定","逆指値注文","-","市場価格が40,350円以上なら成行で執行(本日中)","-","制度(6ヶ月)","1","0","-","-","-","-","43,350.0","0","0"
"4920","","","-","取消済","-","11/19 09:14:44","-","-","ＮＦ日経レバ","1570 東証(SOR)","信用返済","買埋","特定","逆指値注文","-","市場価格が40,410円以上なら成行で執行(本日中)","-","制度(6ヶ月)","1","0","-","-","-","-","43,350.0","0","0"
"4919","","","約定","-","-","11/19 09:14:38","本日中","2025/11/19","ＮＦ日経レバ","1570 東証(SOR)","信用新規","売建","特定","通常注文","-","-","-","制度(6ヶ月)","1","1","-","-","40,180.0","40,190.0","43,350.0","40,190","0"
"4918","","","約定","市場執行済","-","11/19 09:10:43","本日中","2025/11/19","ＮＦ日経レバ","1570 東証(SOR)","信用返済","買埋","特定","通常注文","-","-","-","制度(6ヶ月)","1","1","-","-","成行","40,280.0","43,350.0","40,280","0"
"4917","","","約定","市場執行済","-","11/19 09:10:40","本日中","2025/11/19","ＮＦ日経レバ","1570 東証(SOR)","信用返済","買埋","特定","通常注文","-","-","-","制度(6ヶ月)","1","1","-","-","成行","40,280.0","43,350.0","40,280","0"
"4916","","","-","取消済","-","11/19 09:10:36","-","-","ＮＦ日経レバ","1570 東証(SOR)","信用返済","買埋","特定","逆指値注文","-","市場価格が40,280円以上なら成行で執行(本日中)","-","制度(6ヶ月)","1","0","-","-","-","-","43,350.0","0","0"
"4915","","","-","取消済","-","11/19 09:10:35","-","-","ＮＦ日経レバ","1570 東証(SOR)","信用返済","買埋","特定","逆指値注文","-","市場価格が40,280円以上なら成行で執行(本日中)","-","制度(6ヶ月)","1","0","-","-","-","-","43,350.0","0","0"
"4914","","","-","取消済","-","11/19 09:10:30","-","-","ＮＦ日経レバ","1570 東証(SOR)","信用返済","買埋","特定","逆指値注文","-","市場価格が40,340円以上なら成行で執行(本日中)","-","制度(6ヶ月)","1","0","-","-","-","-","43,350.0","0","0"
"4913","","","-","取消済","-","11/19 09:10:26","-","-","ＮＦ日経レバ","1570 東証(SOR)","信用返済","買埋","特定","逆指値注文","-","市場価格が40,350円以上なら成行で執行(本日中)","-","制度(6ヶ月)","1","0","-","-","-","-","43,350.0","0","0"
"4912","","","-","取消済","-","11/19 09:10:20","-","-","ＮＦ日経レバ","1570 東証(SOR)","信用返済","買埋","特定","逆指値注文","-","市場価格が40,400円以上なら成行で執行(本日中)","-","制度(6ヶ月)","1","0","-","-","-","-","43,350.0","0","0"
"4911","","","-","取消済","-","11/19 09:10:19","-","-","ＮＦ日経レバ","1570 東証(SOR)","信用返済","買埋","特定","逆指値注文","-","市場価格が40,400円以上なら成行で執行(本日中)","-","制度(6ヶ月)","1","0","-","-","-","-","43,350.0","0","0"
"4910","","","-","取消済","-","11/19 09:10:15","-","-","ＮＦ日経レバ","1570 東証(SOR)","信用返済","買埋","特定","逆指値注文","-","市場価格が40,410円以上なら成行で執行(本日中)","-","制度(6ヶ月)","1","0","-","-","-","-","43,350.0","0","0"
"4909","","","-","取消済","-","11/19 09:09:04","-","-","ＮＦ日経レバ","1570 東証(SOR)","信用返済","買埋","特定","逆指値注文","-","市場価格が40,590円以上なら成行で執行(本日中)","-","制度(6ヶ月)","1","0","-","-","-","-","43,350.0","0","0"
"4908","","","-","取消済","-","11/19 09:09:03","-","-","ＮＦ日経レバ","1570 東証(SOR)","信用返済","買埋","特定","逆指値注文","-","市場価格が40,590円以上なら成行で執行(本日中)","-","制度(6ヶ月)","1","0","-","-","-","-","43,350.0","0","0"
"4907","","","-","取消済","-","11/19 09:08:39","-","-","ＮＦ日経レバ","1570 東証(SOR)","信用返済","買埋","特定","逆指値注文","-","市場価格が40,600円以上なら成行で執行(本日中)","-","制度(6ヶ月)","1","0","-","-","-","-","43,350.0","0","0"
"4906","","","-","取消済","-","11/19 09:08:38","-","-","ＮＦ日経レバ","1570 東証(SOR)","信用返済","買埋","特定","逆指値注文","-","市場価格が40,630円以上なら成行で執行(本日中)","-","制度(6ヶ月)","1","0","-","-","-","-","43,350.0","0","0"
"4905","","","約定","-","-","11/19 09:08:37","本日中","2025/11/19","ＮＦ日経レバ","1570 東証(SOR)","信用新規","売建","特定","通常注文","-","-","-","制度(6ヶ月)","1","1","-","-","40,410.0","40,410.0","43,350.0","40,410","0"
"4904","","","-","取消済","-","11/19 09:08:20","-","-","ＮＦ日経レバ","1570 東証(SOR)","信用返済","買埋","特定","逆指値注文","-","市場価格が40,630円以上なら成行で執行(本日中)","-","制度(6ヶ月)","1","0","-","-","-","-","43,350.0","0","0"
"4903","","","約定","-","-","11/19 09:08:17","本日中","2025/11/19","ＮＦ日経レバ","1570 東証(SOR)","信用新規","売建","特定","通常注文","-","-","-","制度(6ヶ月)","1","1","-","-","40,440.0","40,440.0","43,350.0","40,440","0"
"4902","","","取消済（出来無）","-","-","11/19 09:06:58","本日中","2025/11/19","ＮＦ日経レバ","1570 東証(SOR)","信用新規","売建","特定","通常注文","-","-","-","制度(6ヶ月)","1","0","-","-","40,470.0","-","43,350.0","0","0"
"4901","","","約定","市場執行済","-","11/19 09:04:54","本日中","2025/11/19","ＮＦ日経レバ","1570 東証(SOR)","信用返済","売埋","特定","通常注文","-","-","-","一般(1日)","1","1","-","-","成行","40,630.0","43,350.0","40,630","0"
"4900","","","-","取消済","-","11/19 09:04:46","-","-","ＮＦ日経レバ","1570 東証(SOR)","信用返済","売埋","特定","逆指値注文","-","市場価格が40,600円以下なら成行で執行(本日中)","-","一般(1日)","1","0","-","-","-","-","43,350.0","0","0"
"4899","","","-","取消済","-","11/19 09:04:38","-","-","ＮＦ日経レバ","1570 東証(SOR)","信用返済","売埋","特定","逆指値注文","-","市場価格が40,530円以下なら成行で執行(本日中)","-","一般(1日)","1","0","-","-","-","-","43,350.0","0","0"
"4898","","","約定","-","-","11/19 09:04:36","本日中","2025/11/19","ＮＦ日経レバ","1570 東証(SOR)","信用新規","買建","特定","通常注文","-","-","-","一般(1日)","1","1","-","-","40,720.0","40,690.0","43,350.0","40,690","0"
"4897","","","約定","市場執行済","-","11/19 09:02:36","本日中","2025/11/19","ＮＦ日経レバ","1570 東証(SOR)","信用返済","売埋","特定","通常注文","-","-","-","一般(1日)","1","1","-","-","40,820.0","40,830.0","43,350.0","40,830","0"
"4896","","","約定","-","-","11/19 09:02:22","本日中","2025/11/19","ＮＦ日経レバ","1570 東証(SOR)","信用新規","買建","特定","通常注文","-","-","-","一般(1日)","1","1","-","-","40,740.0","40,740.0","43,350.0","40,740","0"
"4895","","","約定","市場執行済","-","11/18 09:30:49","本日中","2025/11/18","ＮＦ日経レバ","1570 東証(SOR)","信用返済","買埋","特定","通常注文","-","-","-","制度(6ヶ月)","1","1","-","-","成行","41,970.0","43,350.0","41,970","0"
"4894","","","-","取消済","-","11/18 09:30:09","-","-","ＮＦ日経レバ","1570 東証(SOR)","信用返済","買埋","特定","逆指値注文","-","市場価格が42,010円以上なら成行で執行(本日中)","-","制度(6ヶ月)","1","0","-","-","-","-","43,350.0","0","0"
"4893","","","約定","-","-","11/18 09:30:04","本日中","2025/11/18","ＮＦ日経レバ","1570 東証(SOR)","信用新規","売建","特定","通常注文","-","-","-","制度(6ヶ月)","1","1","-","-","41,820.0","41,820.0","43,350.0","41,820","0"
"4892","","","約定","市場執行済","-","11/18 09:24:41","本日中","2025/11/18","ＮＦ日経レバ","1570 東証(SOR)","信用返済","買埋","特定","通常注文","-","-","-","制度(6ヶ月)","1","1","-","-","42,110.0","42,110.0","43,350.0","42,110","0"
"4891","","","約定","市場執行済","-","11/18 09:24:39","本日中","2025/11/18","ＮＦ日経レバ","1570 東証(SOR)","信用返済","買埋","特定","通常注文","-","-","-","制度(6ヶ月)","1","1","-","-","42,110.0","42,110.0","43,350.0","42,110","0"
"4890","","","約定","-","-","11/18 09:23:56","本日中","2025/11/18","ＮＦ日経レバ","1570 東証(SOR)","信用新規","売建","特定","通常注文","-","-","-","制度(6ヶ月)","1","1","-","-","42,150.0","42,150.0","43,350.0","42,150","0"
"4889","","","-","取消済","-","11/18 09:23:32","-","-","ＮＦ日経レバ","1570 東証(SOR)","信用返済","買埋","特定","逆指値注文","-","市場価格が42,400円以上なら成行で執行(本日中)","-","制度(6ヶ月)","1","0","-","-","-","-","43,350.0","0","0"
"4888","","","約定","-","-","11/18 09:23:15","本日中","2025/11/18","ＮＦ日経レバ","1570 東証(SOR)","信用新規","売建","特定","通常注文","-","-","-","制度(6ヶ月)","1","1","-","-","42,160.0","42,160.0","43,350.0","42,160","0"
"4887","","","約定","市場執行済","-","11/18 09:18:10","本日中","2025/11/18","ＮＦ日経レバ","1570 東証(SOR)","信用返済","買埋","特定","通常注文","-","-","-","制度(6ヶ月)","1","1","-","-","42,310.0","42,310.0","43,350.0","42,310","0"
"4886","","","約定","市場執行済","-","11/18 09:18:08","本日中","2025/11/18","ＮＦ日経レバ","1570 東証(SOR)","信用返済","買埋","特定","通常注文","-","-","-","制度(6ヶ月)","1","1","-","-","42,310.0","42,310.0","43,350.0","42,310","0"
"4885","","","約定","-","-","11/18 09:17:30","本日中","2025/11/18","ＮＦ日経レバ","1570 東証(SOR)","信用新規","売建","特定","通常注文","-","-","-","制度(6ヶ月)","1","1","-","-","42,360.0","42,360.0","43,350.0","42,360","0"
"4884","","","-","取消済","-","11/18 09:17:05","-","-","ＮＦ日経レバ","1570 東証(SOR)","信用返済","買埋","特定","逆指値注文","-","市場価格が42,570円以上なら成行で執行(本日中)","-","制度(6ヶ月)","1","0","-","-","-","-","43,350.0","0","0"
"4883","","","約定","-","-","11/18 09:17:02","本日中","2025/11/18","ＮＦ日経レバ","1570 東証(SOR)","信用新規","売建","特定","通常注文","-","-","-","制度(6ヶ月)","1","1","-","-","42,380.0","42,390.0","43,350.0","42,390","0"
"4882","","","約定","市場執行済","-","11/18 09:11:39","本日中","2025/11/18","ＮＦ日経レバ","1570 東証(SOR)","信用返済","買埋","特定","通常注文","-","-","-","制度(6ヶ月)","1","1","-","-","42,540.0","42,540.0","43,350.0","42,540","0"
"4881","","","-","取消済","-","11/18 09:09:06","-","-","ＮＦ日経レバ","1570 東証(SOR)","信用返済","買埋","特定","逆指値注文","-","市場価格が42,780円以上なら成行で執行(本日中)","-","制度(6ヶ月)","1","0","-","-","-","-","43,350.0","0","0"
"4880","","","約定","-","-","11/18 09:09:03","本日中","2025/11/18","ＮＦ日経レバ","1570 東証(SOR)","信用新規","売建","特定","通常注文","-","-","-","制度(6ヶ月)","1","1","-","-","42,590.0","42,590.0","43,350.0","42,590","0"
"4879","","","約定","市場執行済","-","11/17 09:32:33","本日中","2025/11/17","ＮＦ日経レバ","1570 東証(SOR)","信用返済","買埋","特定","通常注文","-","-","-","制度(6ヶ月)","1","1","-","-","成行","43,150.0","43,350.0","43,150","0"
"4878","","","-","取消済","-","11/17 09:32:08","-","-","ＮＦ日経レバ","1570 東証(SOR)","信用返済","買埋","特定","逆指値注文","-","市場価格が43,180円以上なら成行で執行(本日中)","-","制度(6ヶ月)","1","0","-","-","-","-","43,350.0","0","0"
"4877","","","-","取消済","-","11/17 09:31:24","-","-","ＮＦ日経レバ","1570 東証(SOR)","信用返済","買埋","特定","逆指値注文","-","市場価格が43,200円以上なら成行で執行(本日中)","-","制度(6ヶ月)","1","0","-","-","-","-","43,350.0","0","0"
"4876","","","-","取消済","-","11/17 09:30:36","-","-","ＮＦ日経レバ","1570 東証(SOR)","信用返済","買埋","特定","逆指値注文","-","市場価格が43,220円以上なら成行で執行(本日中)","-","制度(6ヶ月)","1","0","-","-","-","-","43,350.0","0","0"
"4875","","","約定","-","-","11/17 09:30:33","本日中","2025/11/17","ＮＦ日経レバ","1570 東証(SOR)","信用新規","売建","特定","通常注文","-","-","-","制度(6ヶ月)","1","1","-","-","43,030.0","43,030.0","43,350.0","43,030","0"
"4874","","","約定","市場執行済","-","11/17 09:23:49","本日中","2025/11/17","ＮＦ日経レバ","1570 東証(SOR)","信用返済","買埋","特定","通常注文","-","-","-","制度(6ヶ月)","1","1","-","-","成行","42,810.0","43,350.0","42,810","0"
"4873","","","-","取消済","-","11/17 09:23:00","-","-","ＮＦ日経レバ","1570 東証(SOR)","信用返済","買埋","特定","逆指値注文","-","市場価格が42,830円以上なら成行で執行(本日中)","-","制度(6ヶ月)","1","0","-","-","-","-","43,350.0","0","0"
"4872","","","取消済（出来無）","市場執行済","-","11/17 09:22:38","本日中","2025/11/17","ＮＦ日経レバ","1570 東証(SOR)","信用返済","買埋","特定","通常注文","-","-","-","制度(6ヶ月)","1","0","-","-","42,630.0","-","43,350.0","0","0"
"4871","","","-","取消済","-","11/17 09:22:15","-","-","ＮＦ日経レバ","1570 東証(SOR)","信用返済","買埋","特定","逆指値注文","-","市場価格が42,900円以上なら成行で執行(本日中)","-","制度(6ヶ月)","1","0","-","-","-","-","43,350.0","0","0"
"4870","","","約定","-","-","11/17 09:22:08","本日中","2025/11/17","ＮＦ日経レバ","1570 東証(SOR)","信用新規","売建","特定","通常注文","-","-","-","制度(6ヶ月)","1","1","-","-","42,690.0","42,690.0","43,350.0","42,690","0"
"4869","","","約定","市場執行済","-","11/17 09:16:25","本日中","2025/11/17","ＮＦ日経レバ","1570 東証(SOR)","信用返済","買埋","特定","通常注文","-","-","-","制度(6ヶ月)","1","1","-","-","42,580.0","42,580.0","43,350.0","42,580","0"
"4868","","","約定","市場執行済","-","11/17 09:16:24","本日中","2025/11/17","ＮＦ日経レバ","1570 東証(SOR)","信用返済","買埋","特定","通常注文","-","-","-","制度(6ヶ月)","1","1","-","-","42,580.0","42,580.0","43,350.0","42,580","0"
"4867","","","約定","-","-","11/17 09:16:01","本日中","2025/11/17","ＮＦ日経レバ","1570 東証(SOR)","信用新規","売建","特定","通常注文","-","-","-","制度(6ヶ月)","1","1","-","-","42,600.0","42,610.0","43,350.0","42,610","0"
"4866","","","-","取消済","-","11/17 09:15:07","-","-","ＮＦ日経レバ","1570 東証(SOR)","信用返済","買埋","特定","逆指値注文","-","市場価格が42,850円以上なら成行で執行(本日中)","-","制度(6ヶ月)","1","0","-","-","-","-","43,350.0","0","0"
"4865","","","-","取消済","-","11/17 09:13:34","-","-","ＮＦ日経レバ","1570 東証(SOR)","信用返済","買埋","特定","逆指値注文","-","市場価格が42,870円以上なら成行で執行(本日中)","-","制度(6ヶ月)","1","0","-","-","-","-","43,350.0","0","0"
"4864","","","約定","-","-","11/17 09:13:32","本日中","2025/11/17","ＮＦ日経レバ","1570 東証(SOR)","信用新規","売建","特定","通常注文","-","-","-","制度(6ヶ月)","1","1","-","-","42,680.0","42,680.0","43,350.0","42,680","0"
"4863","","","約定","市場執行済","-","11/17 09:08:26","本日中","2025/11/17","ＮＦ日経レバ","1570 東証(SOR)","信用返済","買埋","特定","通常注文","-","-","-","制度(6ヶ月)","1","1","-","-","42,850.0","42,850.0","43,350.0","42,850","0"
"4862","","","約定","市場執行済","-","11/17 09:08:26","本日中","2025/11/17","ＮＦ日経レバ","1570 東証(SOR)","信用返済","買埋","特定","通常注文","-","-","-","制度(6ヶ月)","1","1","-","-","42,850.0","42,840.0","43,350.0","42,840","0"
"4861","","","約定","-","-","11/17 09:07:26","本日中","2025/11/17","ＮＦ日経レバ","1570 東証(SOR)","信用新規","売建","特定","通常注文","-","-","-","制度(6ヶ月)","1","1","-","-","42,870.0","42,890.0","43,350.0","42,890","0"
"4860","","","-","取消済","-","11/17 09:07:13","-","-","ＮＦ日経レバ","1570 東証(SOR)","信用返済","買埋","特定","逆指値注文","-","市場価格が43,070円以上なら成行で執行(本日中)","-","制度(6ヶ月)","1","0","-","-","-","-","43,350.0","0","0"
"4859","","","約定","-","-","11/17 09:07:11","本日中","2025/11/17","ＮＦ日経レバ","1570 東証(SOR)","信用新規","売建","特定","通常注文","-","-","-","制度(6ヶ月)","1","1","-","-","42,880.0","42,910.0","43,350.0","42,910","0"
"4858","","","約定","市場執行済","-","11/14 09:32:27","本日中","2025/11/14","ＮＦ日経レバ","1570 東証(SOR)","信用返済","売埋","特定","通常注文","-","-","-","一般(1日)","1","1","-","-","43,690.0","43,690.0","43,350.0","43,690","0"
"4857","","","取消済（出来無）","市場執行済","-","11/14 09:25:28","本日中","2025/11/14","ＮＦ日経レバ","1570 東証(SOR)","信用返済","売埋","特定","通常注文","-","-","-","一般(1日)","1","0","-","-","43,740.0","-","43,350.0","0","0"
"4856","","","約定","市場執行済","-","11/14 09:25:27","本日中","2025/11/14","ＮＦ日経レバ","1570 東証(SOR)","信用返済","売埋","特定","通常注文","-","-","-","一般(1日)","1","1","-","-","43,690.0","43,690.0","43,350.0","43,690","0"
"4855","","","-","取消済","-","11/14 09:24:11","-","-","ＮＦ日経レバ","1570 東証(SOR)","信用返済","売埋","特定","逆指値注文","-","市場価格が43,510円以下なら成行で執行(本日中)","-","一般(1日)","1","0","-","-","-","-","43,350.0","0","0"
"4854","","","-","取消済","-","11/14 09:24:09","-","-","ＮＦ日経レバ","1570 東証(SOR)","信用返済","売埋","特定","逆指値注文","-","市場価格が43,520円以下なら成行で執行(本日中)","-","一般(1日)","1","0","-","-","-","-","43,350.0","0","0"
"4853","","","-","取消済","-","11/14 09:24:01","-","-","ＮＦ日経レバ","1570 東証(SOR)","信用返済","売埋","特定","逆指値注文","-","市場価格が43,510円以下なら成行で執行(本日中)","-","一般(1日)","1","0","-","-","-","-","43,350.0","0","0"
"4852","","","-","取消済","-","11/14 09:23:57","-","-","ＮＦ日経レバ","1570 東証(SOR)","信用返済","売埋","特定","逆指値注文","-","市場価格が43,500円以下なら成行で執行(本日中)","-","一般(1日)","1","0","-","-","-","-","43,350.0","0","0"
"4851","","","-","取消済","-","11/14 09:22:45","-","-","ＮＦ日経レバ","1570 東証(SOR)","信用返済","売埋","特定","逆指値注文","-","市場価格が43,440円以下なら成行で執行(本日中)","-","一般(1日)","1","0","-","-","-","-","43,350.0","0","0"
"4850","","","-","取消済","-","11/14 09:22:43","-","-","ＮＦ日経レバ","1570 東証(SOR)","信用返済","売埋","特定","逆指値注文","-","市場価格が43,440円以下なら成行で執行(本日中)","-","一般(1日)","1","0","-","-","-","-","43,350.0","0","0"
"4849","","","約定","-","-","11/14 09:22:33","本日中","2025/11/14","ＮＦ日経レバ","1570 東証(SOR)","信用新規","買建","特定","通常注文","-","-","-","一般(1日)","1","1","-","-","43,670.0","43,670.0","43,350.0","43,670","0"
"4848","","","-","取消済","-","11/14 09:21:34","-","-","ＮＦ日経レバ","1570 東証(SOR)","信用返済","売埋","特定","逆指値注文","-","市場価格が43,440円以下なら成行で執行(本日中)","-","一般(1日)","1","0","-","-","-","-","43,350.0","0","0"
"4847","","","-","取消済","-","11/14 09:21:26","-","-","ＮＦ日経レバ","1570 東証(SOR)","信用返済","売埋","特定","逆指値注文","-","市場価格が43,430円以下なら成行で執行(本日中)","-","一般(1日)","1","0","-","-","-","-","43,350.0","0","0"
"4846","","","-","取消済","-","11/14 09:21:00","-","-","ＮＦ日経レバ","1570 東証(SOR)","信用返済","売埋","特定","逆指値注文","-","市場価格が43,390円以下なら成行で執行(本日中)","-","一般(1日)","1","0","-","-","-","-","43,350.0","0","0"
"4845","","","約定","-","-","11/14 09:20:53","本日中","2025/11/14","ＮＦ日経レバ","1570 東証(SOR)","信用新規","買建","特定","通常注文","-","-","-","一般(1日)","1","1","-","-","43,600.0","43,590.0","43,350.0","43,590","0"
"4844","","","約定","市場執行済","-","11/14 09:15:29","本日中","2025/11/14","ＮＦ日経レバ","1570 東証(SOR)","信用返済","売埋","特定","通常注文","-","-","-","一般(1日)","1","1","-","-","43,550.0","43,550.0","43,350.0","43,550","0"
"4843","","","約定","市場執行済","-","11/14 09:15:28","本日中","2025/11/14","ＮＦ日経レバ","1570 東証(SOR)","信用返済","売埋","特定","通常注文","-","-","-","一般(1日)","1","1","-","-","43,550.0","43,550.0","43,350.0","43,550","0"
"4842","","","約定","-","-","11/14 09:15:07","本日中","2025/11/14","ＮＦ日経レバ","1570 東証(SOR)","信用新規","買建","特定","通常注文","-","-","-","一般(1日)","1","1","-","-","43,570.0","43,545.0","43,350.0","43,545","0"
"4841","","","-","取消済","-","11/14 09:14:49","-","-","ＮＦ日経レバ","1570 東証(SOR)","信用返済","売埋","特定","逆指値注文","-","市場価格が43,290円以下なら成行で執行(本日中)","-","一般(1日)","1","0","-","-","-","-","43,350.0","0","0"
"4840","","","-","取消済","-","11/14 09:14:04","-","-","ＮＦ日経レバ","1570 東証(SOR)","信用返済","売埋","特定","逆指値注文","-","市場価格が43,290円以下なら成行で執行(本日中)","-","一般(1日)","1","0","-","-","-","-","43,350.0","0","0"
"4839","","","-","取消済","-","11/14 09:13:40","-","-","ＮＦ日経レバ","1570 東証(SOR)","信用返済","売埋","特定","逆指値注文","-","市場価格が43,290円以下なら成行で執行(本日中)","-","一般(1日)","1","0","-","-","-","-","43,350.0","0","0"
"4838","","","取消済（出来無）","市場執行済","-","11/14 09:13:22","本日中","2025/11/14","ＮＦ日経レバ","1570 東証(SOR)","信用返済","売埋","特定","通常注文","-","-","-","一般(1日)","1","0","-","-","43,510.0","-","43,350.0","0","0"
"4837","","","約定","-","-","11/14 09:11:21","本日中","2025/11/14","ＮＦ日経レバ","1570 東証(SOR)","信用新規","買建","特定","通常注文","-","-","-","一般(1日)","1","1","-","-","43,480.0","43,440.0","43,350.0","43,440","0"
"4836","","","約定","市場執行済","-","11/13 09:45:31","本日中","2025/11/13","ＮＦ日経レバ","1570 東証(SOR)","信用返済","売埋","特定","通常注文","-","-","-","一般(1日)","1","1","-","-","44,670.0","44,685.0","43,350.0","44,685","0"
"4835","","","約定","市場執行済","-","11/13 09:45:30","本日中","2025/11/13","ＮＦ日経レバ","1570 東証(SOR)","信用返済","売埋","特定","通常注文","-","-","-","一般(1日)","1","1","-","-","44,670.0","44,690.0","43,350.0","44,690","0"
"4834","","","約定","-","-","11/13 09:44:02","本日中","2025/11/13","ＮＦ日経レバ","1570 東証(SOR)","信用新規","買建","特定","通常注文","-","-","-","一般(1日)","1","1","-","-","44,720.0","44,720.0","43,350.0","44,720","0"
"4833","","","約定","-","-","11/13 09:43:09","本日中","2025/11/13","ＮＦ日経レバ","1570 東証(SOR)","信用新規","買建","特定","通常注文","-","-","-","一般(1日)","1","1","-","-","44,710.0","44,710.0","43,350.0","44,710","0"
"4832","","","約定","-","-","11/13 09:42:37","本日中","2025/11/13","ＮＦ日経レバ","1570 東証(SOR)","信用返済","売埋","特定","通常注文","-","-","-","一般(1日)","3","3","-","-","44,680.0","44,680.0","43,350.0","134,040","0"
"4831","","","約定","-","-","11/13 09:37:34","本日中","2025/11/13","ＮＦ日経レバ","1570 東証(SOR)","信用新規","買建","特定","通常注文","-","-","-","一般(1日)","1","1","-","-","44,640.0","44,640.0","43,350.0","44,640","0"
"4830","","","約定","-","-","11/13 09:36:57","本日中","2025/11/13","ＮＦ日経レバ","1570 東証(SOR)","信用新規","買建","特定","通常注文","-","-","-","一般(1日)","1","1","-","-","44,610.0","44,610.0","43,350.0","44,610","0"
"4829","","","約定","-","-","11/13 09:34:38","本日中","2025/11/13","ＮＦ日経レバ","1570 東証(SOR)","信用新規","買建","特定","通常注文","-","-","-","一般(1日)","1","1","-","-","44,570.0","44,555.0","43,350.0","44,555","0"
"4828","","","約定","市場執行済","-","11/13 09:27:16","本日中","2025/11/13","ＮＦ日経レバ","1570 東証(SOR)","信用返済","売埋","特定","通常注文","-","-","-","一般(1日)","1","1","-","-","成行","44,670.0","43,350.0","44,670","0"
"4827","","","-","取消済","-","11/13 09:26:01","-","-","ＮＦ日経レバ","1570 東証(SOR)","信用返済","売埋","特定","逆指値注文","-","市場価格が44,660円以下なら成行で執行(本日中)","-","一般(1日)","1","0","-","-","-","-","43,350.0","0","0"
"4826","","","-","取消済","-","11/13 09:25:23","-","-","ＮＦ日経レバ","1570 東証(SOR)","信用返済","売埋","特定","逆指値注文","-","市場価格が44,650円以下なら成行で執行(本日中)","-","一般(1日)","1","0","-","-","-","-","43,350.0","0","0"
"4825","","","-","取消済","-","11/13 09:24:24","-","-","ＮＦ日経レバ","1570 東証(SOR)","信用返済","売埋","特定","逆指値注文","-","市場価格が44,600円以下なら成行で執行(本日中)","-","一般(1日)","1","0","-","-","-","-","43,350.0","0","0"
"4824","","","約定","-","-","11/13 09:24:22","本日中","2025/11/13","ＮＦ日経レバ","1570 東証(SOR)","信用新規","買建","特定","通常注文","-","-","-","一般(1日)","1","1","-","-","44,790.0","44,785.0","43,350.0","44,785","0"
"4823","","","約定","市場執行済","-","11/13 09:19:08","本日中","2025/11/13","ＮＦ日経レバ","1570 東証(SOR)","信用返済","売埋","特定","通常注文","-","-","-","一般(1日)","1","1","-","-","成行","44,640.0","43,350.0","44,640","0"
"4822","","","-","取消済","-","11/13 09:17:38","-","-","ＮＦ日経レバ","1570 東証(SOR)","信用返済","売埋","特定","逆指値注文","-","市場価格が44,630円以下なら成行で執行(本日中)","-","一般(1日)","1","0","-","-","-","-","43,350.0","0","0"
"4821","","","約定","-","-","11/13 09:17:35","本日中","2025/11/13","ＮＦ日経レバ","1570 東証(SOR)","信用新規","買建","特定","通常注文","-","-","-","一般(1日)","1","1","-","-","44,820.0","44,800.0","43,350.0","44,800","0"
"4820","","","約定","市場執行済","-","11/13 09:09:29","本日中","2025/11/13","ＮＦ日経レバ","1570 東証(SOR)","信用返済","売埋","特定","通常注文","-","-","-","一般(1日)","1","1","-","-","44,790.0","44,790.0","43,350.0","44,790","0"
"4819","","","約定","市場執行済","-","11/13 09:09:27","本日中","2025/11/13","ＮＦ日経レバ","1570 東証(SOR)","信用返済","売埋","特定","通常注文","-","-","-","一般(1日)","1","1","-","-","44,790.0","44,790.0","43,350.0","44,790","0"
"4818","","","約定","-","-","11/13 09:08:23","本日中","2025/11/13","ＮＦ日経レバ","1570 東証(SOR)","信用新規","買建","特定","通常注文","-","-","-","一般(1日)","1","1","-","-","44,850.0","44,850.0","43,350.0","44,850","0"
"4817","","","-","取消済","-","11/13 09:07:18","-","-","ＮＦ日経レバ","1570 東証(SOR)","信用返済","売埋","特定","逆指値注文","-","市場価格が44,530円以下なら成行で執行(本日中)","-","一般(1日)","1","0","-","-","-","-","43,350.0","0","0"
"4816","","","約定","-","-","11/13 09:06:46","本日中","2025/11/13","ＮＦ日経レバ","1570 東証(SOR)","信用新規","買建","特定","通常注文","-","-","-","一般(1日)","1","1","-","-","44,790.0","44,790.0","43,350.0","44,790","0"
"4815","","","約定","市場執行済","-","11/12 09:24:16","本日中","2025/11/12","ＮＦ日経レバ","1570 東証(SOR)","信用返済","買埋","特定","通常注文","-","-","-","制度(6ヶ月)","1","1","-","-","成行","44,260.0","43,350.0","44,260","0"
"4814","","","約定","-","-","11/12 09:18:21","本日中","2025/11/12","ＮＦ日経レバ","1570 東証(SOR)","信用新規","売建","特定","通常注文","-","-","-","制度(6ヶ月)","1","1","-","-","44,050.0","44,050.0","43,350.0","44,050","0"
"4813","","","約定","市場執行済","-","11/12 09:12:59","本日中","2025/11/12","ＮＦ日経レバ","1570 東証(SOR)","信用返済","買埋","特定","通常注文","-","-","-","制度(6ヶ月)","1","1","-","-","成行","44,150.0","43,350.0","44,150","0"
"4812","","","-","取消済","-","11/12 09:12:27","-","-","ＮＦ日経レバ","1570 東証(SOR)","信用返済","買埋","特定","逆指値注文","-","市場価格が44,150円以上なら成行で執行(本日中)","-","制度(6ヶ月)","1","0","-","-","-","-","43,350.0","0","0"
"4811","","","-","取消済","-","11/12 09:12:06","-","-","ＮＦ日経レバ","1570 東証(SOR)","信用返済","買埋","特定","逆指値注文","-","市場価格が44,180円以上なら成行で執行(本日中)","-","制度(6ヶ月)","1","0","-","-","-","-","43,350.0","0","0"
"4810","","","-","取消済","-","11/12 09:12:02","-","-","ＮＦ日経レバ","1570 東証(SOR)","信用返済","買埋","特定","逆指値注文","-","市場価格が44,190円以上なら成行で執行(本日中)","-","制度(6ヶ月)","1","0","-","-","-","-","43,350.0","0","0"
"4809","","","-","取消済","-","11/12 09:11:39","-","-","ＮＦ日経レバ","1570 東証(SOR)","信用返済","買埋","特定","逆指値注文","-","市場価格が44,220円以上なら成行で執行(本日中)","-","制度(6ヶ月)","1","0","-","-","-","-","43,350.0","0","0"
"4808","","","-","取消済","-","11/12 09:10:56","-","-","ＮＦ日経レバ","1570 東証(SOR)","信用返済","買埋","特定","逆指値注文","-","市場価格が44,260円以上なら成行で執行(本日中)","-","制度(6ヶ月)","1","0","-","-","-","-","43,350.0","0","0"
"4807","","","約定","-","-","11/12 09:10:41","本日中","2025/11/12","ＮＦ日経レバ","1570 東証(SOR)","信用新規","売建","特定","通常注文","-","-","-","制度(6ヶ月)","1","1","-","-","44,050.0","44,050.0","43,350.0","44,050","0"
"4806","","","約定","市場執行済","-","11/12 09:05:02","本日中","2025/11/12","ＮＦ日経レバ","1570 東証(SOR)","信用返済","売埋","特定","通常注文","-","-","-","一般(1日)","1","1","-","-","成行","44,185.0","43,350.0","44,185","0"
"4805","","","-","取消済","-","11/12 09:04:37","-","-","ＮＦ日経レバ","1570 東証(SOR)","信用返済","売埋","特定","逆指値注文","-","市場価格が44,180円以下なら成行で執行(本日中)","-","一般(1日)","1","0","-","-","-","-","43,350.0","0","0"
"4804","","","-","取消済","-","11/12 09:02:43","-","-","ＮＦ日経レバ","1570 東証(SOR)","信用返済","売埋","特定","逆指値注文","-","市場価格が44,150円以下なら成行で執行(本日中)","-","一般(1日)","1","0","-","-","-","-","43,350.0","0","0"
"4803","","","約定","-","-","11/12 09:02:29","本日中","2025/11/12","ＮＦ日経レバ","1570 東証(SOR)","信用新規","買建","特定","通常注文","-","-","-","一般(1日)","1","1","-","-","44,380.0","44,380.0","43,350.0","44,380","0"
"4802","","","約定","市場執行済","-","11/11 11:14:52","本日中","2025/11/11","ＮＦ日経レバ","1570 東証(SOR)","信用返済","買埋","特定","通常注文","-","-","-","制度(6ヶ月)","1","1","-","-","44,730.0","44,720.0","43,350.0","44,720","0"
"4801","","","約定","市場執行済","-","11/11 11:14:52","本日中","2025/11/11","ＮＦ日経レバ","1570 東証(SOR)","信用返済","買埋","特定","通常注文","-","-","-","制度(6ヶ月)","1","1","-","-","44,730.0","44,720.0","43,350.0","44,720","0"
"4800","","","-","取消済","-","11/11 11:05:34","-","-","ＮＦ日経レバ","1570 東証(SOR)","信用返済","買埋","特定","逆指値注文","-","市場価格が44,850円以上なら成行で執行(本日中)","-","制度(6ヶ月)","1","0","-","-","-","-","43,350.0","0","0"
"4799","","","-","取消済","-","11/11 11:02:33","-","-","ＮＦ日経レバ","1570 東証(SOR)","信用返済","買埋","特定","逆指値注文","-","市場価格が44,940円以上なら成行で執行(本日中)","-","制度(6ヶ月)","1","0","-","-","-","-","43,350.0","0","0"
"4798","","","-","取消済","-","11/11 11:02:32","-","-","ＮＦ日経レバ","1570 東証(SOR)","信用返済","買埋","特定","逆指値注文","-","市場価格が44,950円以上なら成行で執行(本日中)","-","制度(6ヶ月)","1","0","-","-","-","-","43,350.0","0","0"
"4797","","","約定","-","-","11/11 11:02:28","本日中","2025/11/11","ＮＦ日経レバ","1570 東証(SOR)","信用新規","売建","特定","通常注文","-","-","-","制度(6ヶ月)","1","1","-","-","44,750.0","44,750.0","43,350.0","44,750","0"
"4796","","","-","取消済","-","11/11 11:02:15","-","-","ＮＦ日経レバ","1570 東証(SOR)","信用返済","買埋","特定","逆指値注文","-","市場価格が44,950円以上なら成行で執行(本日中)","-","制度(6ヶ月)","1","0","-","-","-","-","43,350.0","0","0"
"4795","","","約定","-","-","11/11 11:02:12","本日中","2025/11/11","ＮＦ日経レバ","1570 東証(SOR)","信用新規","売建","特定","通常注文","-","-","-","制度(6ヶ月)","1","1","-","-","44,760.0","44,760.0","43,350.0","44,760","0"
"4794","","","約定","市場執行済","-","11/11 10:56:17","本日中","2025/11/11","ＮＦ日経レバ","1570 東証(SOR)","信用返済","買埋","特定","通常注文","-","-","-","制度(6ヶ月)","1","1","-","-","44,880.0","44,880.0","43,350.0","44,880","0"
"4793","","","約定","市場執行済","-","11/11 10:56:13","本日中","2025/11/11","ＮＦ日経レバ","1570 東証(SOR)","信用返済","買埋","特定","通常注文","-","-","-","制度(6ヶ月)","1","1","-","-","44,880.0","44,880.0","43,350.0","44,880","0"
"4792","","","約定","-","-","11/11 10:54:14","本日中","2025/11/11","ＮＦ日経レバ","1570 東証(SOR)","信用新規","売建","特定","通常注文","-","-","-","制度(6ヶ月)","1","1","-","-","44,900.0","44,900.0","43,350.0","44,900","0"
"4791","","","-","取消済","-","11/11 10:46:55","-","-","ＮＦ日経レバ","1570 東証(SOR)","信用返済","買埋","特定","逆指値注文","-","市場価格が45,130円以上なら成行で執行(本日中)","-","制度(6ヶ月)","1","0","-","-","-","-","43,350.0","0","0"
"4790","","","約定","-","-","11/11 10:46:53","本日中","2025/11/11","ＮＦ日経レバ","1570 東証(SOR)","信用新規","売建","特定","通常注文","-","-","-","制度(6ヶ月)","1","1","-","-","44,940.0","44,940.0","43,350.0","44,940","0"
"4789","","","約定","市場執行済","-","11/11 10:39:08","本日中","2025/11/11","ＮＦ日経レバ","1570 東証(SOR)","信用返済","買埋","特定","通常注文","-","-","-","制度(6ヶ月)","1","1","-","-","44,930.0","44,930.0","43,350.0","44,930","0"
"4788","","","約定","市場執行済","-","11/11 10:39:07","本日中","2025/11/11","ＮＦ日経レバ","1570 東証(SOR)","信用返済","買埋","特定","通常注文","-","-","-","制度(6ヶ月)","1","1","-","-","44,930.0","44,930.0","43,350.0","44,930","0"
"4787","","","約定","-","-","11/11 10:38:09","本日中","2025/11/11","ＮＦ日経レバ","1570 東証(SOR)","信用新規","売建","特定","通常注文","-","-","-","制度(6ヶ月)","1","1","-","-","44,950.0","44,950.0","43,350.0","44,950","0"
"4786","","","-","取消済","-","11/11 10:35:59","-","-","ＮＦ日経レバ","1570 東証(SOR)","信用返済","買埋","特定","逆指値注文","-","市場価格が45,150円以上なら成行で執行(本日中)","-","制度(6ヶ月)","1","0","-","-","-","-","43,350.0","0","0"
"4785","","","-","取消済","-","11/11 10:35:40","-","-","ＮＦ日経レバ","1570 東証(SOR)","信用返済","買埋","特定","逆指値注文","-","市場価格が45,230円以上なら成行で執行(本日中)","-","制度(6ヶ月)","1","0","-","-","-","-","43,350.0","0","0"
"4784","","","約定","-","-","11/11 10:35:33","本日中","2025/11/11","ＮＦ日経レバ","1570 東証(SOR)","信用新規","売建","特定","通常注文","-","-","-","制度(6ヶ月)","1","1","-","-","45,010.0","45,010.0","43,350.0","45,010","0"
"4783","","","約定","市場執行済","-","11/11 10:28:33","本日中","2025/11/11","ＮＦ日経レバ","1570 東証(SOR)","信用返済","買埋","特定","通常注文","-","-","-","制度(6ヶ月)","1","1","-","-","成行","45,090.0","43,350.0","45,090","0"
"4782","","","-","取消済","-","11/11 10:25:07","-","-","ＮＦ日経レバ","1570 東証(SOR)","信用返済","買埋","特定","逆指値注文","-","市場価格が45,100円以上なら成行で執行(本日中)","-","制度(6ヶ月)","1","0","-","-","-","-","43,350.0","0","0"
"4781","","","-","取消済","-","11/11 10:21:59","-","-","ＮＦ日経レバ","1570 東証(SOR)","信用返済","買埋","特定","逆指値注文","-","市場価格が45,170円以上なら成行で執行(本日中)","-","制度(6ヶ月)","1","0","-","-","-","-","43,350.0","0","0"
"4780","","","約定","-","-","11/11 10:21:53","本日中","2025/11/11","ＮＦ日経レバ","1570 東証(SOR)","信用新規","売建","特定","通常注文","-","-","-","制度(6ヶ月)","1","1","-","-","44,970.0","44,970.0","43,350.0","44,970","0"
"4778","","","約定","市場執行済","-","11/11 10:13:07","本日中","2025/11/11","ＮＦ日経レバ","1570 東証(SOR)","信用返済","売埋","特定","通常注文","-","-","-","一般(1日)","1","1","-","-","成行","44,965.0","43,350.0","44,965","0"
"4777","","","約定","市場執行済","-","11/11 10:13:30","本日中","2025/11/11","ＮＦ日経レバ","1570 東証(SOR)","信用返済","売埋","特定","通常注文","-","-","-","一般(1日)","1","1","-","-","成行","44,945.0","43,350.0","44,945","0"
"4779","","","約定","市場執行済","-","11/11 10:12:27","本日中","2025/11/11","ＮＦ日経レバ","1570 東証(SOR)","信用返済","売埋","特定","通常注文","-","-","-","一般(1日)","1","1","-","-","成行","44,975.0","43,350.0","44,975","0"
"4776","","","約定","-","-","11/11 10:09:36","本日中","2025/11/11","ＮＦ日経レバ","1570 東証(SOR)","信用新規","買建","特定","通常注文","-","-","-","一般(1日)","1","1","-","-","45,170.0","45,160.0","43,350.0","45,160","0"
"4775","","","-","取消済","-","11/11 10:07:40","-","-","ＮＦ日経レバ","1570 東証(SOR)","信用返済","売埋","特定","逆指値注文","-","市場価格が44,960円以下なら成行で執行(本日中)","-","一般(1日)","1","0","-","-","-","-","43,350.0","0","0"
"4774","","","-","取消済","-","11/11 10:07:38","-","-","ＮＦ日経レバ","1570 東証(SOR)","信用返済","売埋","特定","逆指値注文","-","市場価格が44,940円以下なら成行で執行(本日中)","-","一般(1日)","1","0","-","-","-","-","43,350.0","0","0"
"4773","","","約定","-","-","11/11 10:07:37","本日中","2025/11/11","ＮＦ日経レバ","1570 東証(SOR)","信用新規","買建","特定","通常注文","-","-","-","一般(1日)","1","1","-","-","45,150.0","45,150.0","43,350.0","45,150","0"
"4772","","","-","取消済","-","11/11 10:06:09","-","-","ＮＦ日経レバ","1570 東証(SOR)","信用返済","売埋","特定","逆指値注文","-","市場価格が44,940円以下なら成行で執行(本日中)","-","一般(1日)","1","0","-","-","-","-","43,350.0","0","0"
"4771","","","約定","-","-","11/11 10:06:07","本日中","2025/11/11","ＮＦ日経レバ","1570 東証(SOR)","信用新規","買建","特定","通常注文","-","-","-","一般(1日)","1","1","-","-","45,130.0","45,120.0","43,350.0","45,120","0"
"4770","","","約定","市場執行済","-","11/11 09:54:00","本日中","2025/11/11","ＮＦ日経レバ","1570 東証(SOR)","信用返済","売埋","特定","通常注文","-","-","-","一般(1日)","1","1","-","-","成行","45,185.0","43,350.0","45,185","0"
"4769","","","-","取消済","-","11/11 09:52:35","-","-","ＮＦ日経レバ","1570 東証(SOR)","信用返済","売埋","特定","逆指値注文","-","市場価格が45,170円以下なら成行で執行(本日中)","-","一般(1日)","1","0","-","-","-","-","43,350.0","0","0"
"4768","","","-","取消済","-","11/11 09:51:08","-","-","ＮＦ日経レバ","1570 東証(SOR)","信用返済","売埋","特定","逆指値注文","-","市場価格が45,140円以下なら成行で執行(本日中)","-","一般(1日)","1","0","-","-","-","-","43,350.0","0","0"
"4767","","","約定","-","-","11/11 09:51:06","本日中","2025/11/11","ＮＦ日経レバ","1570 東証(SOR)","信用新規","買建","特定","通常注文","-","-","-","一般(1日)","1","1","-","-","45,330.0","45,315.0","43,350.0","45,315","0"
"4766","","","約定","市場執行済","-","11/11 09:45:00","本日中","2025/11/11","ＮＦ日経レバ","1570 東証(SOR)","信用返済","売埋","特定","通常注文","-","-","-","一般(1日)","1","1","-","-","成行","45,350.0","43,350.0","45,350","0"
"4765","","","-","取消済","-","11/11 09:44:44","-","-","ＮＦ日経レバ","1570 東証(SOR)","信用返済","売埋","特定","逆指値注文","-","市場価格が45,230円以下なら成行で執行(本日中)","-","一般(1日)","1","0","-","-","-","-","43,350.0","0","0"
"4764","","","取消済（出来無）","市場執行済","-","11/11 09:44:41","本日中","2025/11/11","ＮＦ日経レバ","1570 東証(SOR)","信用返済","売埋","特定","通常注文","-","-","-","一般(1日)","1","0","-","-","45,360.0","-","43,350.0","0","0"
"4763","","","約定","-","-","11/11 09:42:55","本日中","2025/11/11","ＮＦ日経レバ","1570 東証(SOR)","信用新規","買建","特定","通常注文","-","-","-","一般(1日)","1","1","-","-","45,420.0","45,420.0","43,350.0","45,420","0"
"4762","","","約定","市場執行済","-","11/11 09:37:17","本日中","2025/11/11","ＮＦ日経レバ","1570 東証(SOR)","信用返済","買埋","特定","通常注文","-","-","-","制度(6ヶ月)","1","1","-","-","45,320.0","45,320.0","43,350.0","45,320","0"
"4761","","","約定","-","-","11/11 09:33:53","本日中","2025/11/11","ＮＦ日経レバ","1570 東証(SOR)","信用新規","売建","特定","通常注文","-","-","-","制度(6ヶ月)","1","1","-","-","45,180.0","45,210.0","43,350.0","45,210","0"
"4760","","","約定","市場執行済","-","11/11 09:28:44","本日中","2025/11/11","ＮＦ日経レバ","1570 東証(SOR)","信用返済","買埋","特定","通常注文","-","-","-","制度(6ヶ月)","1","1","-","-","成行","45,270.0","43,350.0","45,270","0"
"4759","","","約定","市場執行済","-","11/11 09:28:44","本日中","2025/11/11","ＮＦ日経レバ","1570 東証(SOR)","信用返済","買埋","特定","通常注文","-","-","-","制度(6ヶ月)","1","1","-","-","成行","45,270.0","43,350.0","45,270","0"
"4758","","","-","取消済","-","11/11 09:22:03","-","-","ＮＦ日経レバ","1570 東証(SOR)","信用返済","買埋","特定","逆指値注文","-","市場価格が45,300円以上なら成行で執行(本日中)","-","制度(6ヶ月)","1","0","-","-","-","-","43,350.0","0","0"
"4757","","","-","取消済","-","11/11 09:22:00","-","-","ＮＦ日経レバ","1570 東証(SOR)","信用返済","買埋","特定","逆指値注文","-","市場価格が45,270円以上なら成行で執行(本日中)","-","制度(6ヶ月)","1","0","-","-","-","-","43,350.0","0","0"
"4756","","","取消済（出来無）","市場執行済","-","11/11 09:20:15","本日中","2025/11/11","ＮＦ日経レバ","1570 東証(SOR)","信用返済","買埋","特定","通常注文","-","-","-","制度(6ヶ月)","1","0","-","-","45,010.0","-","43,350.0","0","0"
"4755","","","取消済（出来無）","市場執行済","-","11/11 09:20:15","本日中","2025/11/11","ＮＦ日経レバ","1570 東証(SOR)","信用返済","買埋","特定","通常注文","-","-","-","制度(6ヶ月)","1","0","-","-","45,010.0","-","43,350.0","0","0"
"4754","","","約定","-","-","11/11 09:19:46","本日中","2025/11/11","ＮＦ日経レバ","1570 東証(SOR)","信用新規","売建","特定","通常注文","-","-","-","制度(6ヶ月)","1","1","-","-","45,050.0","45,050.0","43,350.0","45,050","0"
"4753","","","-","取消済","-","11/11 09:16:45","-","-","ＮＦ日経レバ","1570 東証(SOR)","信用返済","買埋","特定","逆指値注文","-","市場価格が45,300円以上なら成行で執行(本日中)","-","制度(6ヶ月)","1","0","-","-","-","-","43,350.0","0","0"
"4752","","","約定","-","-","11/11 09:16:43","本日中","2025/11/11","ＮＦ日経レバ","1570 東証(SOR)","信用新規","売建","特定","通常注文","-","-","-","制度(6ヶ月)","1","1","-","-","45,110.0","45,120.0","43,350.0","45,120","0"
"4751","","","約定","市場執行済","-","11/11 09:11:08","本日中","2025/11/11","ＮＦ日経レバ","1570 東証(SOR)","信用返済","売埋","特定","通常注文","-","-","-","一般(1日)","1","1","-","-","成行","45,035.0","43,350.0","45,035","0"
"4750","","","取消済（出来無）","市場執行済","-","11/11 09:10:12","本日中","2025/11/11","ＮＦ日経レバ","1570 東証(SOR)","信用返済","売埋","特定","通常注文","-","-","-","一般(1日)","1","0","-","-","45,190.0","-","43,350.0","0","0"
"4749","","","約定","-","-","11/11 09:04:17","本日中","2025/11/11","ＮＦ日経レバ","1570 東証(SOR)","信用新規","買建","特定","通常注文","-","-","-","一般(1日)","1","1","-","-","45,220.0","45,220.0","43,350.0","45,220","0"
"4748","","","約定","市場執行済","-","11/10 09:16:03","本日中","2025/11/10","ＮＦ日経レバ","1570 東証(SOR)","信用返済","売埋","特定","通常注文","-","-","-","一般(1日)","1","1","-","-","43,990.0","43,990.0","43,350.0","43,990","0"
"4747","","","-","取消済","-","11/10 09:14:07","-","-","ＮＦ日経レバ","1570 東証(SOR)","信用返済","売埋","特定","逆指値注文","-","市場価格が43,740円以下なら成行で執行(本日中)","-","一般(1日)","1","0","-","-","-","-","43,350.0","0","0"
"4746","","","約定","-","-","11/10 09:14:04","本日中","2025/11/10","ＮＦ日経レバ","1570 東証(SOR)","信用新規","買建","特定","通常注文","-","-","-","一般(1日)","1","1","-","-","43,930.0","43,920.0","43,350.0","43,920","0"
"4745","","","約定","市場執行済","-","11/10 09:07:37","本日中","2025/11/10","ＮＦ日経レバ","1570 東証(SOR)","信用返済","買埋","特定","通常注文","-","-","-","制度(6ヶ月)","1","1","-","-","43,690.0","43,690.0","43,350.0","43,690","0"
"4744","","","約定","市場執行済","-","11/10 09:07:36","本日中","2025/11/10","ＮＦ日経レバ","1570 東証(SOR)","信用返済","買埋","特定","通常注文","-","-","-","制度(6ヶ月)","1","1","-","-","43,690.0","43,680.0","43,350.0","43,680","0"
"4743","","","約定","市場執行済","-","11/10 09:07:35","本日中","2025/11/10","ＮＦ日経レバ","1570 東証(SOR)","信用返済","買埋","特定","通常注文","-","-","-","制度(6ヶ月)","1","1","-","-","43,690.0","43,680.0","43,350.0","43,680","0"
"4742","","","約定","-","-","11/10 09:04:43","本日中","2025/11/10","ＮＦ日経レバ","1570 東証(SOR)","信用新規","売建","特定","通常注文","-","-","-","制度(6ヶ月)","1","1","-","-","43,730.0","43,730.0","43,350.0","43,730","0"
"4741","","","-","取消済","-","11/10 09:04:35","-","-","ＮＦ日経レバ","1570 東証(SOR)","信用返済","買埋","特定","逆指値注文","-","市場価格が44,070円以上なら成行で執行(本日中)","-","制度(6ヶ月)","1","0","-","-","-","-","43,350.0","0","0"
"4740","","","-","取消済","-","11/10 09:04:29","-","-","ＮＦ日経レバ","1570 東証(SOR)","信用返済","買埋","特定","逆指値注文","-","市場価格が44,000円以上なら成行で執行(本日中)","-","制度(6ヶ月)","1","0","-","-","-","-","43,350.0","0","0"
"4739","","","-","取消済","-","11/10 09:04:24","-","-","ＮＦ日経レバ","1570 東証(SOR)","信用返済","買埋","特定","逆指値注文","-","市場価格が44,070円以上なら成行で執行(本日中)","-","制度(6ヶ月)","1","0","-","-","-","-","43,350.0","0","0"
"4738","","","-","取消済","-","11/10 09:04:23","-","-","ＮＦ日経レバ","1570 東証(SOR)","信用返済","買埋","特定","逆指値注文","-","市場価格が44,090円以上なら成行で執行(本日中)","-","制度(6ヶ月)","1","0","-","-","-","-","43,350.0","0","0"
"4737","","","-","取消済","-","11/10 09:04:03","-","-","ＮＦ日経レバ","1570 東証(SOR)","信用返済","買埋","特定","逆指値注文","-","市場価格が44,070円以上なら成行で執行(本日中)","-","制度(6ヶ月)","1","0","-","-","-","-","43,350.0","0","0"
"4736","","","-","取消済","-","11/10 09:04:02","-","-","ＮＦ日経レバ","1570 東証(SOR)","信用返済","買埋","特定","逆指値注文","-","市場価格が44,160円以上なら成行で執行(本日中)","-","制度(6ヶ月)","1","0","-","-","-","-","43,350.0","0","0"
"4735","","","約定","-","-","11/10 09:03:52","本日中","2025/11/10","ＮＦ日経レバ","1570 東証(SOR)","信用新規","売建","特定","通常注文","-","-","-","制度(6ヶ月)","1","1","-","-","43,830.0","43,850.0","43,350.0","43,850","0"
"4734","","","-","取消済","-","11/10 09:02:56","-","-","ＮＦ日経レバ","1570 東証(SOR)","信用返済","買埋","特定","逆指値注文","-","市場価格が44,160円以上なら成行で執行(本日中)","-","制度(6ヶ月)","1","0","-","-","-","-","43,350.0","0","0"
"4733","","","約定","-","-","11/10 09:02:53","本日中","2025/11/10","ＮＦ日経レバ","1570 東証(SOR)","信用新規","売建","特定","通常注文","-","-","-","制度(6ヶ月)","1","1","-","-","43,970.0","43,980.0","43,350.0","43,980","0"
